arm,power_mw,duration_h,metric,n,mean_delta,ci_low,ci_high,baseline_mean,mean_delta_pct,ci_low_pct,ci_high_pct,significant,excluding_flagged
frozen,5,1,mean_price,10,-0.04768148978551423,-0.16405651245514705,0.052672047773995416,63.510255200266855,-0.07507683544202462,-0.25831499485843307,0.08293471283953226,False,False
frozen,5,1,price_std,10,-0.1709848480292905,-0.3583912843499631,0.007741864139192908,20.542121092243256,-0.8323621852947537,-1.7446654254476783,0.03768775436785956,False,False
frozen,5,1,intraday_std_mean,10,-0.17392871381614458,-0.3493495455796306,-0.0077705397574400195,19.992314841211943,-0.8699778649824472,-1.7474191875944511,-0.03886763398414431,True,False
frozen,5,1,daily_spread_mean,10,-1.0082278537750256,-1.9502056963443737,-0.20640669822693097,91.40609815597534,-1.1030203390309756,-2.1335619129224215,-0.22581283130007215,True,False
frozen,5,1,price_p5,10,0.00172366142272935,-0.01989429473876996,0.025065279006958006,10.670032997131349,0.016154227669143654,-0.18645017071754666,0.23491285372497758,False,False
frozen,5,1,price_p95,10,0.0,0.0,0.0,83.04060836791989,0.0,0.0,0.0,False,False
frozen,5,1,price_max,10,0.0,0.0,0.0,87.73991241455079,0.0,0.0,0.0,False,False
frozen,5,1,consumer_cost_mean,10,-166.43525937953672,-400.3411303778075,25.168778258025583,119155.46930081942,-0.13967907671896698,-0.3359821691164741,0.02112263784928293,False,False
frozen,5,1,loss_of_load_mwh_mean,10,-0.3699529729783534,-1.099745585110038,1.8136240541934965e-06,1.9112010955810548,-19.357092973300023,-57.542117763159126,9.489446497214923e-05,False,False
frozen,5,1,generator_profit_total_mean,10,-834.0472268340221,-1075.8852340737124,-604.4503353745548,63532.365299929384,-1.3127910835628045,-1.6934443239986032,-0.951405370351018,True,False
frozen,5,2,mean_price,10,-0.08793756882349797,-0.30249203565717003,0.08644241094589163,63.510255200266855,-0.13846199884759475,-0.47628849026558323,0.13610779971409787,False,False
frozen,5,2,price_std,10,-0.16806785999655743,-0.37959561384405355,0.037444339369275784,20.542121092243256,-0.818162152008831,-1.8478890867184574,0.18228078396156877,False,False
frozen,5,2,intraday_std_mean,10,-0.15050449733061946,-0.36533272544468004,0.060994675835199935,19.992314841211943,-0.7528117605489641,-1.82736580704295,0.30509061266615395,False,False
frozen,5,2,daily_spread_mean,10,-0.9547577476501473,-1.9410964348316209,-0.10952041125297604,91.40609815597534,-1.0445230317357481,-2.123596208558574,-0.11981740109515499,True,False
frozen,5,2,price_p5,10,-0.002073640823364542,-0.031286201477051634,0.025065279006958006,10.670032997131349,-0.019434249396623637,-0.2932156019148485,0.23491285372497758,False,False
frozen,5,2,price_p95,10,0.0,0.0,0.0,83.04060836791989,0.0,0.0,0.0,False,False
frozen,5,2,price_max,10,0.0,0.0,0.0,87.73991241455079,0.0,0.0,0.0,False,False
frozen,5,2,consumer_cost_mean,10,-286.2492185115756,-786.7102186663134,95.45210250176126,119155.46930081942,-0.24023170752566292,-0.6602384458578128,0.08010719362011261,False,False
frozen,5,2,loss_of_load_mwh_mean,10,-0.37109382636845095,-1.090770826041698,4.824250936508178e-07,1.9112010955810548,-19.416785979584674,-57.072530387498304,2.5241984988719776e-05,False,False
frozen,5,2,generator_profit_total_mean,10,-1003.4026967501646,-1467.9397571726172,-601.6434496737972,63532.365299929384,-1.579356745200985,-2.3105384952104857,-0.9469873297389512,True,False
frozen,5,4,mean_price,10,-0.14128168622652737,-0.366366359343133,0.062419885913531245,63.510255200266855,-0.2224549181561685,-0.5768617338851343,0.09828316028128474,False,False
frozen,5,4,price_std,10,-0.17623070505654911,-0.42133735342425727,0.05645145617573322,20.542121092243256,-0.8578992610607,-2.0510898145924914,0.2748083117719007,False,False
frozen,5,4,intraday_std_mean,10,-0.1606694440000572,-0.4019494596634107,0.0716331286325458,19.992314841211943,-0.8036560312108277,-2.010519856534254,0.3583033240597134,False,False
frozen,5,4,daily_spread_mean,10,-0.9450773715972908,-1.9361812114715584,-0.095079860687256,91.40609815597534,-1.033932517264451,-2.118218861248906,-0.10401916568521692,True,False
frozen,5,4,price_p5,10,-0.002073640823364542,-0.031286201477051634,0.025065279006958006,10.670032997131349,-0.019434249396623637,-0.2932156019148485,0.23491285372497758,False,False
frozen,5,4,price_p95,10,0.0,0.0,0.0,83.04060836791989,0.0,0.0,0.0,False,False
frozen,5,4,price_max,10,0.0,0.0,0.0,87.73991241455079,0.0,0.0,0.0,False,False
frozen,5,4,consumer_cost_mean,10,-441.64524399379445,-946.1155159714427,-9.634818205133152,119155.46930081942,-0.3706462209290777,-0.7940176993326956,-0.008085921915014348,True,False
frozen,5,4,loss_of_load_mwh_mean,10,-0.3710939777642487,-1.0907709330320354,3.0882656573805176e-07,1.9112010955810548,-19.41679390108483,-57.07253598556633,1.6158768768608333e-05,False,False
frozen,5,4,generator_profit_total_mean,10,-1291.9337616384576,-1801.413665486221,-828.1817387114303,63532.365299929384,-2.0335049002809495,-2.835426726176403,-1.3035587999937897,True,False
frozen,5,8,mean_price,10,-0.16353693405787267,-0.39615493207176566,0.050907841404278814,63.510255200266855,-0.25749689328470143,-0.6237652971517286,0.08015688370917602,False,False
frozen,5,8,price_std,10,-0.24382475857739222,-0.4979434687295776,0.009508557223421664,20.542121092243256,-1.186950254467446,-2.424011943526134,0.046288098394143495,False,False
frozen,5,8,intraday_std_mean,10,-0.20835697556022748,-0.46501942743790015,0.04931652143976142,19.992314841211943,-1.0421853457945882,-2.325990917666593,0.2466773949462864,False,False
frozen,5,8,daily_spread_mean,10,-0.5951133537292499,-1.7838117165565497,0.5729228832721699,91.40609815597534,-0.6510652634069869,-1.95152375229129,0.6267884690740594,False,False
frozen,5,8,price_p5,10,-0.02322758674621639,-0.0715740203857436,0.014690113067626954,10.670032997131349,-0.2176899242248,-0.6707947426684282,0.13767636024721205,False,False
frozen,5,8,price_p95,10,0.0,0.0,0.0,83.04060836791989,0.0,0.0,0.0,False,False
frozen,5,8,price_max,10,0.0,0.0,0.0,87.73991241455079,0.0,0.0,0.0,False,False
frozen,5,8,consumer_cost_mean,10,-548.5081065894207,-1042.9006985632905,-124.28268535781267,119155.46930081942,-0.4603297773975102,-0.875243666684227,-0.10430296325219374,True,False
frozen,5,8,loss_of_load_mwh_mean,10,-0.37109365542830786,-1.0907707751095292,7.113890369510042e-07,1.9112010955810548,-19.416777035463436,-57.07252772256844,3.722209235835141e-05,False,False
frozen,5,8,generator_profit_total_mean,10,-1517.7842546091342,-1925.8578587216073,-1165.5339554664442,63532.365299929384,-2.3889937789091276,-3.0313019980128897,-1.8345514919271229,True,False
frozen,10,1,mean_price,10,-0.16728824853897278,-0.4845581576526194,0.08767624801397142,63.510255200266855,-0.2634035212289147,-0.7629604953163271,0.13805053646454726,False,False
frozen,10,1,price_std,10,-0.21010724715874254,-0.5436754449676369,0.13590355959664344,20.542121092243256,-1.0228118421426278,-2.6466373288634233,0.6615848430956863,False,False
frozen,10,1,intraday_std_mean,10,-0.18419675213738884,-0.49755942492858873,0.14571625071589922,19.992314841211943,-0.9213377920484107,-2.488753447914521,0.7288613243300937,False,False
frozen,10,1,daily_spread_mean,10,-0.9879735469818123,-2.1911038398742675,0.16516886496543726,91.40609815597534,-1.0808617443618855,-2.397109037665483,0.18069786184680278,False,False
frozen,10,1,price_p5,10,4.024675226211561,-0.052700910568238155,12.119203348159829,10.670032997131349,37.71942624070235,-0.4939151601724836,113.58168574940763,False,False
frozen,10,1,price_p95,10,0.0,0.0,0.0,83.04060836791989,0.0,0.0,0.0,False,False
frozen,10,1,price_max,10,0.0,0.0,0.0,87.73991241455079,0.0,0.0,0.0,False,False
frozen,10,1,consumer_cost_mean,10,-371.58138603273835,-1006.8863896034206,147.43241293589773,119155.46930081942,-0.31184584997491427,-0.8450190289305473,0.12373113361980091,False,False
frozen,10,1,loss_of_load_mwh_mean,10,-0.558076703250408,-1.6416041087880726,7.892400026321399e-07,1.9112010955810548,-29.20031306704218,-85.89384511047396,4.1295497603939495e-05,False,False
frozen,10,1,generator_profit_total_mean,10,-1582.5868563924553,-2225.337077233075,-1042.3371635168082,63532.365299929384,-2.4909931322739753,-3.5026825567212883,-1.640639630833903,True,False
frozen,10,2,mean_price,10,0.05932465513547029,-0.05232389688492063,0.1909959890246352,63.510255200266855,0.09340956818454263,-0.08238653225361435,0.30073251701220166,False,False
frozen,10,2,price_std,10,-0.3385025581882868,-0.6273779543945963,-0.08852078771297069,20.542121092243256,-1.6478461823307329,-3.0541050341266627,-0.43092330784865396,True,False
frozen,10,2,intraday_std_mean,10,-0.31116030889597857,-0.5799274869409276,-0.07756596972661706,19.992314841211943,-1.5563996033843768,-2.900752071718435,-0.38797893261826494,True,False
frozen,10,2,daily_spread_mean,10,-1.2123180484771736,-2.271209354877474,-0.31441280817985595,91.40609815597534,-1.3262988716666084,-2.484745985986496,-0.34397355813541236,True,False
frozen,10,2,price_p5,10,0.0069690418243411045,-0.018499469757078658,0.03223593711852999,10.670032997131349,0.06531415438185374,-0.17337781206536346,0.30211656446795115,False,False
frozen,10,2,price_p95,10,0.0,0.0,0.0,83.04060836791989,0.0,0.0,0.0,False,False
frozen,10,2,price_max,10,0.0,0.0,0.0,87.73991241455079,0.0,0.0,0.0,False,False
frozen,10,2,consumer_cost_mean,10,19.329034427486476,-194.8399778349145,287.51349763899486,119155.46930081942,0.016221693004026927,-0.1635174440402918,0.24129274075799192,False,False
frozen,10,2,loss_of_load_mwh_mean,10,-0.5479607759416102,-1.621372388675809,8.571185171648565e-07,1.9112010955810548,-28.67101621114422,-84.83525843641637,4.484711311366585e-05,False,False
frozen,10,2,generator_profit_total_mean,10,-1255.1412440404972,-1566.9946146363898,-886.3343492735371,63532.365299929384,-1.9755934445618575,-2.466450929756477,-1.3950910612083292,True,False
frozen,10,4,mean_price,10,-0.07635202884674328,-0.36431716231505257,0.16122529098391297,63.510255200266855,-0.12022000007082709,-0.5736351730381991,0.253857098315101,False,False
frozen,10,4,price_std,10,-0.2527913683973287,-0.5909828279288811,0.09712865129187676,20.542121092243256,-1.2306001277189587,-2.8769318673330053,0.4728267877291051,False,False
frozen,10,4,intraday_std_mean,10,-0.2411554216349437,-0.5699683748642773,0.10690343609507522,19.992314841211943,-1.2062406157081345,-2.8509373696404112,0.5347226518997471,False,False
frozen,10,4,daily_spread_mean,10,-1.0151880836486833,-2.1795667171478277,0.03136150360107095,91.40609815597534,-1.1106349621404543,-2.3844872072196055,0.034310078029537686,False,False
frozen,10,4,price_p5,10,-1.5814694595336918,-4.7946484184265135,0.04211195945739661,10.670032997131349,-14.821598583236545,-44.93564752532219,0.39467506303606054,False,False
frozen,10,4,price_p95,10,0.0,0.0,0.0,83.04060836791989,0.0,0.0,0.0,False,False
frozen,10,4,price_max,10,0.0,0.0,0.0,87.73991241455079,0.0,0.0,0.0,False,False
frozen,10,4,consumer_cost_mean,10,-257.97157139810736,-719.1730252228314,145.1080420750585,119155.46930081942,-0.21649998351887093,-0.6035585520688186,0.12178042932189652,False,False
frozen,10,4,loss_of_load_mwh_mean,10,-0.5479607068188488,-1.621372065632604,7.475768215998712e-07,1.9112010955810548,-28.671012594425836,-84.83524153378872,3.9115550076251314e-05,False,False
frozen,10,4,generator_profit_total_mean,10,-1785.3085453518004,-2228.7453132458336,-1282.4849247400114,63532.365299929384,-2.810077252631085,-3.508047123264134,-2.018632422522819,True,False
frozen,10,8,mean_price,10,-0.09256304065386729,-0.29611383488774384,0.12969679255286753,63.510255200266855,-0.14574503025060806,-0.46624570150758843,0.20421393701520285,False,False
frozen,10,8,price_std,10,-0.2231773229679023,-0.5629067500629437,0.09610534917350988,20.542121092243256,-1.0864375785038793,-2.7402562156811463,0.46784530546750325,False,False
frozen,10,8,intraday_std_mean,10,-0.20291886489991812,-0.53751739365317,0.13165950941391774,19.992314841211943,-1.0149843402907168,-2.6886200918821936,0.658550600366278,False,False
frozen,10,8,daily_spread_mean,10,-0.6128234863281264,-2.099997510910035,1.1252368032932243,91.40609815597534,-0.6704404833935746,-2.297436990830305,1.2310303426070333,False,False
frozen,10,8,price_p5,10,-0.028804826736450195,-0.09422743797302217,0.016596679687499716,10.670032997131349,-0.26996005302133935,-0.8831035292801376,0.15554478315073397,False,False
frozen,10,8,price_p95,10,0.0,0.0,0.0,83.04060836791989,0.0,0.0,0.0,False,False
frozen,10,8,price_max,10,0.0,0.0,0.0,87.73991241455079,0.0,0.0,0.0,False,False
frozen,10,8,consumer_cost_mean,10,-484.62058877109376,-879.1634261534401,-76.6940599880674,119155.46930081942,-0.4067128362757924,-0.7378288477332985,-0.06436469969703688,True,False
frozen,10,8,loss_of_load_mwh_mean,10,-0.9869623972289263,-2.938378917719703,1.826272811740858e-06,1.9112010955810548,-51.64094974154795,-153.7451461551386,9.555628740290271e-05,False,False
frozen,10,8,generator_profit_total_mean,10,-2213.5897661619974,-2604.352473995989,-1804.879992319067,63532.365299929384,-3.4841922785526416,-4.099253131378195,-2.8408827277222013,True,False
frozen,25,1,mean_price,10,-0.19231888651847912,-0.5575485332906257,0.1667561841011036,63.510255200266855,-0.3028154837546158,-0.8778874081555935,0.2625657597741836,False,False
frozen,25,1,price_std,10,-0.37179564537463855,-0.7693062885253857,-0.006813926454243458,20.542121092243256,-1.8099184777711648,-3.745018759605488,-0.03317051059939671,True,False
frozen,25,1,intraday_std_mean,10,-0.3805143127443934,-0.7735254501145433,-0.020027885684997172,19.992314841211943,-1.9033029229812113,-3.8691139883411916,-0.10017792258709284,True,False
frozen,25,1,daily_spread_mean,10,-2.965914220809938,-4.9832693653106706,-1.2370147144794512,91.40609815597534,-3.244766247158809,-5.451790926254418,-1.3533174913216508,True,False
frozen,25,1,price_p5,10,-0.2521086502075196,-1.9846109390258793,1.228330078125,10.670032997131349,-2.362772919964721,-18.5998575595731,11.511961382455311,False,False
frozen,25,1,price_p95,10,-0.040608367919884356,-0.12182510375965308,0.0,83.04060836791989,-0.04890181890282504,-0.14670545670847512,0.0,False,False
frozen,25,1,price_max,10,0.0,0.0,0.0,87.73991241455079,0.0,0.0,0.0,False,False
frozen,25,1,consumer_cost_mean,10,-275.13428569932586,-942.5553148988865,290.59808451447566,119155.46930081942,-0.23090361467564946,-0.7910298372618676,0.24388144851398544,False,False
frozen,25,1,loss_of_load_mwh_mean,10,-1.542100496068597,-4.5936813011150806,3.4163780510425525e-06,1.9112010955810548,-80.68750586393728,-240.35572770109167,0.0001787555511003872,False,False
frozen,25,1,generator_profit_total_mean,10,-2393.439036555896,-3119.3419419041375,-1709.5077892220222,63532.365299929384,-3.767275191560602,-4.909847016049322,-2.690766794454483,True,False
frozen,25,2,mean_price,10,-0.48451289256414043,-0.7741827815274445,-0.22006716852387181,63.510255200266855,-0.7628892232228106,-1.2189886170134483,-0.346506509586419,True,False
frozen,25,2,price_std,10,-0.5040040851012917,-0.7702206059023932,-0.2486710413613599,20.542121092243256,-2.453515305640003,-3.7494696990819993,-1.210542184250187,True,False
frozen,25,2,intraday_std_mean,10,-0.53271184614385,-0.7828377558968439,-0.29743055596984663,19.992314841211943,-2.6645831179375166,-3.9156934157674956,-1.4877244497807052,True,False
frozen,25,2,daily_spread_mean,10,-3.2454105949401866,-5.128022650718689,-1.6821007688045524,91.40609815597534,-3.5505405661252696,-5.610153757978196,-1.8402500519541005,True,False
frozen,25,2,price_p5,10,-1.7848735809326173,-5.165966396331787,0.8091025924682611,10.670032997131349,-16.72791060170557,-48.415655300416255,7.582943676798275,False,False
frozen,25,2,price_p95,10,-1.0408920288085568,-3.041175689697229,0.0,83.04060836791989,-1.2534735104501866,-3.662275300564984,0.0,False,False
frozen,25,2,price_max,10,0.0,0.0,0.0,87.73991241455079,0.0,0.0,0.0,False,False
frozen,25,2,consumer_cost_mean,10,-1093.8295839523912,-1915.2955649566236,-403.59597343495204,119155.46930081942,-0.9179852090472771,-1.6073920703725955,-0.3387137626188482,True,False
frozen,25,2,loss_of_load_mwh_mean,10,-1.5384001250565054,-4.592695132225752,3.360405564303614e-06,1.9112010955810548,-80.493890915691,-240.30412827015743,0.00017582689608504874,False,False
frozen,25,2,generator_profit_total_mean,10,-3256.5636543855826,-4088.4419789400818,-2484.620672780608,63532.365299929384,-5.125834114646448,-6.435211344074776,-3.9107951688103917,True,False
frozen,25,4,mean_price,10,-1.0545548907915765,-1.9048232621848595,-0.2880894656976075,63.510255200266855,-1.660448202367081,-2.999237298257394,-0.45361094013742376,True,False
frozen,25,4,price_std,10,-0.12570724699763983,-0.7632101926970607,0.6872917973132715,20.542121092243256,-0.6119487195755413,-3.7153426818482256,3.3457684054486183,False,False
frozen,25,4,intraday_std_mean,10,-0.2061994083204855,-0.866069618903338,0.6615064390388249,19.992314841211943,-1.0313933626906888,-4.332012704792101,3.308803629258592,False,False
frozen,25,4,daily_spread_mean,10,-2.5924408435821555,-5.994903594732285,1.815737637758251,91.40609815597534,-2.8361793095668686,-6.558537904662097,1.986451313849845,False,False
frozen,25,4,price_p5,10,-8.340191202163696,-17.13446264266968,0.0,10.670032997131349,-78.16462427441384,-160.58490772499297,0.0,False,False
frozen,25,4,price_p95,10,-3.390756912231454,-6.290618627548318,-0.9501418304443817,83.04060836791989,-4.083251530634699,-7.575352289902659,-1.1441893901290818,True,False
frozen,25,4,price_max,10,0.0,0.0,0.0,87.73991241455079,0.0,0.0,0.0,False,False
frozen,25,4,consumer_cost_mean,10,-2873.777834434682,-5148.733059797695,-964.3286392418552,119155.46930081942,-2.4117884401760477,-4.321021175116372,-0.8093028753949304,True,False
frozen,25,4,loss_of_load_mwh_mean,10,-1.5485177997648716,-4.612927835155277,8.875578641891473e-07,1.9112010955810548,-81.02327920098236,-241.36276636827836,4.643979465276032e-05,False,False
frozen,25,4,generator_profit_total_mean,10,-4840.334425317958,-6929.478077073837,-3044.7966293873055,63532.365299929384,-7.618690729468778,-10.907004712260475,-4.792512627246211,True,False
frozen,25,8,mean_price,10,-1.0944055253267315,-1.9047505735953658,-0.3600769859353743,63.510255200266855,-1.723194973592443,-2.9991228465215847,-0.5669588081482962,True,False
frozen,25,8,price_std,10,-0.2878246427533259,-0.8250122243210927,0.2175309746894817,20.542121092243256,-1.4011437351618428,-4.016197843525608,1.058950892717801,False,False
frozen,25,8,intraday_std_mean,10,-0.3568443065615773,-0.9033852167116732,0.17328838213304415,19.992314841211943,-1.784907397646531,-4.5186624154669905,0.8667749758313597,False,False
frozen,25,8,daily_spread_mean,10,-3.650274047851563,-6.169002604484558,-1.0262796838283552,91.40609815597534,-3.9934688401453657,-6.749005513787246,-1.1227693824947127,True,False
frozen,25,8,price_p5,10,-2.109694414138794,-5.465484237670898,0.20304694175720214,10.670032997131349,-19.77214517242813,-51.22274916244683,1.9029645157778947,False,False
frozen,25,8,price_p95,10,-2.043389816284143,-5.002749404907227,-0.006505203247071734,83.04060836791989,-2.4607115198755483,-6.024461408979612,-0.007833761547422399,True,False
frozen,25,8,price_max,10,0.0,0.0,0.0,87.73991241455079,0.0,0.0,0.0,False,False
frozen,25,8,consumer_cost_mean,10,-3340.8384403085524,-5688.081756240114,-1226.674648412353,119155.46930081942,-2.8037642417187625,-4.773664011913717,-1.0294740607462132,True,False
frozen,25,8,loss_of_load_mwh_mean,10,-1.7946385675668712,-5.361406336277723,1.27023458480846e-06,1.9112010955810548,-93.90108511952556,-280.52549512837714,6.646263377231246e-05,False,False
frozen,25,8,generator_profit_total_mean,10,-5357.509532323615,-7759.038642302374,-3251.240173343256,63532.365299929384,-8.432724812040911,-12.212733786429636,-5.117454950708202,True,False
frozen,50,1,mean_price,10,-0.908206027001144,-1.3066017799675498,-0.5047796368983888,63.510255200266855,-1.4300147655481754,-2.0573083446877094,-0.7948002024345004,True,False
frozen,50,1,price_std,10,-0.011368096058841815,-0.5253107063561325,0.60602967050295,20.542121092243256,-0.0553404198514555,-2.5572369279552674,2.950180596159507,False,False
frozen,50,1,intraday_std_mean,10,-0.09565159033101552,-0.6092036057023339,0.4864348285632542,19.992314841211943,-0.4784417967140071,-3.0471889350528243,2.433109084299346,False,False
frozen,50,1,daily_spread_mean,10,-3.4709626293182394,-7.031072790384296,0.48443024182319727,91.40609815597534,-3.797298757239796,-7.692126600116412,0.5299758458090681,False,False
frozen,50,1,price_p5,10,-3.9262885475158695,-11.077148471593828,0.7779576873779291,10.670032997131349,-36.797342131664045,-103.81550342507782,7.291052310588768,False,False
frozen,50,1,price_p95,10,-1.0410292816161744,-3.0812167358397686,-3.6392211914915154e-05,83.04060836791989,-1.2536387944122327,-3.7104939335079576,-4.382459694138529e-05,True,False
frozen,50,1,price_max,10,-0.15856857299804689,-0.4757057189941406,0.0,87.73991241455079,-0.18072570240194347,-0.5421771072058303,0.0,False,False
frozen,50,1,consumer_cost_mean,10,-2051.9733741263162,-2803.5537532974586,-1254.9392032911855,119155.46930081942,-1.722097513581951,-2.3528536035720005,-1.0531947972299711,True,False
frozen,50,1,loss_of_load_mwh_mean,10,-1.5585912437736986,-4.643151094797998,2.0703673362731933e-06,1.9112010955810548,-81.55035319817281,-242.94414154185904,0.00010832807395622321,False,False
frozen,50,1,generator_profit_total_mean,10,-4845.0068219304985,-6441.019409297138,-3528.1874691239195,63532.365299929384,-7.626045085930216,-10.138170330806647,-5.553370242816761,True,False
frozen,50,2,mean_price,10,-0.9265252365171939,-1.4711002074716002,-0.39178542591135024,63.510255200266855,-1.4588592560297269,-2.31631915638314,-0.616885296202847,True,False
frozen,50,2,price_std,10,-0.1678834699188103,-0.6636531287373413,0.3832936177984314,20.542121092243256,-0.8172645325423742,-3.230694268411931,1.8658911418021178,False,False
frozen,50,2,intraday_std_mean,10,-0.2752767052532489,-0.7851262795751655,0.27826525879313657,19.992314841211943,-1.3769126158707568,-3.927140432766268,1.3918611276545303,False,False
frozen,50,2,daily_spread_mean,10,-4.534252942800526,-7.281097549587491,-1.7549076926112235,91.40609815597534,-4.960558468498762,-7.965658415003152,-1.91990220347952,True,False
frozen,50,2,price_p5,10,-4.587050163149834,-12.254229953289032,0.6366617202758789,10.670032997131349,-42.9900279069715,-114.8471607968185,5.966820537921918,False,False
frozen,50,2,price_p95,10,-3.4001294708251946,-6.400014343261719,-1.0000305166244507,83.04060836791989,-4.094538247793868,-7.707089903419064,-1.2042668476051062,True,False
frozen,50,2,price_max,10,-1.0,-3.0,0.0,87.73991241455079,-1.139732161203024,-3.4191964836090722,0.0,False,False
frozen,50,2,consumer_cost_mean,10,-2087.534844277242,-3130.883282978764,-1113.451823104027,119155.46930081942,-1.75194211103064,-2.627561539012992,-0.9344529710952764,True,False
frozen,50,2,loss_of_load_mwh_mean,10,-1.6474692958593369,-4.909782504290343,1.084104180335998e-06,1.9112010955810548,-86.20072998432765,-256.8951281810374,5.672371069912986e-05,False,False
frozen,50,2,generator_profit_total_mean,10,-4457.001098868214,-6499.547373938777,-2633.6116410543586,63532.365299929384,-7.01532372960962,-10.230293399679237,-4.1453070865870725,True,False
frozen,50,4,mean_price,10,-0.5079602881272656,-0.8157690995931655,-0.2021743270208459,63.510255200266855,-0.7998082932047977,-1.2844683067652638,-0.31833335637422605,True,False
frozen,50,4,price_std,10,-0.7147983752802176,-1.1903384886678643,-0.29858117805940765,20.542121092243256,-3.479671705129451,-5.794623073842838,-1.4535070488517003,True,False
frozen,50,4,intraday_std_mean,10,-0.8402568270621964,-1.281973877878528,-0.442865131175487,19.992314841211943,-4.20289913267122,-6.412333379403774,-2.215176855171216,True,False
frozen,50,4,daily_spread_mean,10,-6.497077870368962,-9.93616122400761,-3.1501767683029223,91.40609815597534,-7.107926059027648,-10.87034828579221,-3.446352958779032,True,False
frozen,50,4,price_p5,10,0.5041487503051758,-3.3298539733886714,4.49122386932373,10.670032997131349,4.724903385403933,-31.207532106825788,42.09193983309331,False,False
frozen,50,4,price_p95,10,-2.441900558471643,-5.081949383735582,-0.16351848888382298,83.04060836791989,-2.9406101502201833,-6.11983640729062,-0.19691388598616433,True,False
frozen,50,4,price_max,10,-3.1587158203125,-6.000294494628906,-0.31757520675659184,87.73991241455079,-3.6000900085109486,-6.83872861221801,-0.36195067674118764,True,False
frozen,50,4,consumer_cost_mean,10,-1544.4330581798306,-2263.0558144315146,-892.2237878981832,119155.46930081942,-1.2961495324069103,-1.8992462769108927,-0.7487896217719379,True,False
frozen,50,4,loss_of_load_mwh_mean,10,-1.5484765895456074,-4.622920522123576,1.1635571718215941e-06,1.9112010955810548,-81.0211229538266,-241.88561490532675,6.088093892955009e-05,False,False
frozen,50,4,generator_profit_total_mean,10,-4443.60475265508,-6179.7394047674115,-2778.4912285335067,63532.365299929384,-6.99423786864743,-9.72691536918787,-4.373347687303238,True,False
frozen,50,8,mean_price,10,-0.4769907192389198,-0.7789527764320395,-0.17163625231385435,63.510255200266855,-0.7510451937798474,-1.2264992070584007,-0.2702496656211408,True,False
frozen,50,8,price_std,10,-0.7838285091173885,-1.2903959353618106,-0.32315970433406926,20.542121092243256,-3.815713604245881,-6.281707373680445,-1.5731564568378236,True,False
frozen,50,8,intraday_std_mean,10,-0.8579960061916372,-1.3199858517927945,-0.43866698509646185,19.992314841211943,-4.291629123521872,-6.60246630906287,-2.194178055820722,True,False
frozen,50,8,daily_spread_mean,10,-5.625067529678349,-9.330475711345677,-1.9307565062046106,91.40609815597534,-6.1539302553750135,-10.207716880578532,-2.1122841310980895,True,False
frozen,50,8,price_p5,10,0.7815996742248537,-2.75296022415161,4.520414886474609,10.670032997131349,7.325185165172289,-25.800859518351505,42.36551927899312,False,False
frozen,50,8,price_p95,10,-3.4415938186645136,-6.400590171813965,-1.0013482284545887,83.04060836791989,-4.144470863479445,-7.707783333493293,-1.2058536758521967,True,False
frozen,50,8,price_max,10,-3.16688232421875,-6.024941253662109,-0.34207839965820314,87.73991241455079,-3.6093976356574915,-6.866819316157573,-0.3898777537433156,True,False
frozen,50,8,consumer_cost_mean,10,-1489.2646544438642,-2118.891451197445,-889.6119029832657,119155.46930081942,-1.2498500179493,-1.7782578203339539,-0.7465976242662895,True,False
frozen,50,8,loss_of_load_mwh_mean,10,-0.011255788803100445,-0.03376739501953126,2.861022991851314e-08,1.9112010955810548,-0.5889379631021189,-1.7668153862827862,1.4969764293597209e-06,False,False
frozen,50,8,generator_profit_total_mean,10,-4157.124407330908,-5518.281394043618,-2838.6121750533684,63532.365299929384,-6.543317548001835,-8.685779866674903,-4.467978111081791,True,False
frozen,75,1,mean_price,10,-0.6984612073500976,-1.0997599339485191,-0.3049752937356655,63.510255200266855,-1.0997612986243566,-1.7316257515902695,-0.48019850144514,True,False
frozen,75,1,price_std,10,-0.31122395186345936,-0.7218184704133117,0.1397685388267246,20.542121092243256,-1.5150526591968057,-3.513845854437455,0.6803997415802473,False,False
frozen,75,1,intraday_std_mean,10,-0.3750090099509576,-0.8170056686449131,0.11432522101450912,19.992314841211943,-1.8757658276665294,-4.0865986512014425,0.5718458413772093,False,False
frozen,75,1,daily_spread_mean,10,-4.698948411941531,-7.458595958471298,-1.958481798172,91.40609815597534,-5.140738426361058,-8.159845031065599,-2.142616124834524,True,False
frozen,75,1,price_p5,10,-0.029657659530637658,-0.08814112663268503,0.0,10.670032997131349,-0.2779528379960133,-0.8260623622849328,0.0,False,False
frozen,75,1,price_p95,10,-2.0420416259765246,-5.001809463500978,-0.004235000610350426,83.04060836791989,-2.4590879885285175,-6.023329503247316,-0.005099915202435444,True,False
frozen,75,1,price_max,10,-2.158568572998047,-5.0,0.0,87.73991241455079,-2.4601900248079915,-5.69866080601512,0.0,False,False
frozen,75,1,consumer_cost_mean,10,-1680.7483303191796,-2554.5015120067437,-891.1791225111068,119155.46930081942,-1.410550720148623,-2.1438390759535,-0.7479128971085999,True,False
frozen,75,1,loss_of_load_mwh_mean,10,-0.6245213887467982,-1.851054137088358,7.661953567411616e-07,1.9112010955810548,-32.67690617124345,-96.85292360747572,4.008972988309314e-05,False,False
frozen,75,1,generator_profit_total_mean,10,-4372.297118314794,-5455.913065077261,-3325.8749960326636,63532.365299929384,-6.881999588199896,-8.587612060908624,-5.234930228603279,True,False
frozen,75,2,mean_price,10,-0.8284465028842319,-1.700818671802683,-0.18026067326466574,63.510255200266855,-1.3044294976801654,-2.678022102791892,-0.2838292378077365,True,False
frozen,75,2,price_std,10,-0.34954167132022407,-0.75542766349187,0.061068467117609194,20.542121092243256,-1.7015850980072922,-3.6774569680495204,0.2972841355738515,False,False
frozen,75,2,intraday_std_mean,10,-0.4519177765117968,-0.9100032448169231,-0.00763057008137894,19.992314841211943,-2.2604574812928537,-4.5517652760302285,-0.03816751657816715,True,False
frozen,75,2,daily_spread_mean,10,-5.148835306167605,-8.509967870235444,-2.1733009223938033,91.40609815597534,-5.6329231966357804,-9.310065785451247,-2.3776323092637464,True,False
frozen,75,2,price_p5,10,0.14221449851989726,-0.016927976608277006,0.43632134437561054,10.670032997131349,1.3328402879178707,-0.15864971188775248,4.0892220716929,False,False
frozen,75,2,price_p95,10,-3.001212997436524,-6.000751800537108,-0.0025364685058594477,83.04060836791989,-3.6141510237248546,-7.22628593223952,-0.0030544917188243194,True,False
frozen,75,2,price_max,10,-1.2764396667480469,-3.276441192626953,0.0,87.73991241455079,-1.4547993400280192,-3.7342654015273307,0.0,False,False
frozen,75,2,consumer_cost_mean,10,-2162.5998646157327,-3848.602377572401,-834.228233724029,119155.46930081942,-1.8149396559851079,-3.22989989478052,-0.7001174504360683,True,False
frozen,75,2,loss_of_load_mwh_mean,10,-1.5484764663573911,-4.622920494076042,1.4176595398200925e-06,1.9112010955810548,-81.02111650823505,-241.88561343779233,7.417636705514168e-05,False,False
frozen,75,2,generator_profit_total_mean,10,-4783.895952554923,-6810.1589903006,-3119.2917350533885,63532.365299929384,-7.52985652268835,-10.719196362595001,-4.909767990421184,True,False
frozen,75,4,mean_price,10,-0.26416848619779076,-0.5277716495891445,-0.019079502373936248,63.510255200266855,-0.41594618910723696,-0.831002249833389,-0.03004160873511351,True,False
frozen,75,4,price_std,10,-0.9854862935666608,-1.5330678195017926,-0.5528996728886135,20.542121092243256,-4.797393069300824,-7.463045381816397,-2.6915412990014427,True,False
frozen,75,4,intraday_std_mean,10,-1.056892131746615,-1.5870434803686666,-0.6194379486610491,19.992314841211943,-5.286492035269217,-7.938267744249167,-3.0983803205427036,True,False
frozen,75,4,daily_spread_mean,10,-6.863731088638309,-10.43123574328423,-3.339717039823535,91.40609815597534,-7.5090516137403,-11.411969172433519,-3.6537136002946355,True,False
frozen,75,4,price_p5,10,1.5158394241333013,-0.041780853271484376,4.425333156585695,10.670032997131349,14.206511118951896,-0.3915719218742548,41.474409289788056,False,False
frozen,75,4,price_p95,10,-3.041500587463342,-6.040771560668908,-0.12279085636127775,83.04060836791989,-3.662666552233895,-7.274478931927683,-0.14786844505912136,True,False
frozen,75,4,price_max,10,-4.622449493408203,-7.463880920410157,-1.7815620231628417,87.73991241455079,-5.268354351173954,-8.506825132381083,-2.0305035349766176,True,False
frozen,75,4,consumer_cost_mean,10,-1152.4315108335286,-1834.1841555256747,-534.3790367163717,119155.46930081942,-0.9671662724302689,-1.5393201556657887,-0.4484721010726587,True,False
frozen,75,4,loss_of_load_mwh_mean,10,-1.8107158374786376,-5.409637260437011,7.05718994140625e-07,1.9112010955810548,-94.7422980064865,-283.04908745316203,3.692541804064151e-05,False,False
frozen,75,4,generator_profit_total_mean,10,-3952.892865155251,-5003.586858903266,-2902.323678927295,63532.365299929384,-6.221856917327214,-7.875650206444978,-4.568260075358033,True,False
frozen,75,8,mean_price,10,-0.12322756210962922,-0.3478253797888758,0.09398760472734564,63.510255200266855,-0.19402781758797194,-0.5476680556424758,0.14798807599020755,False,False
frozen,75,8,price_std,10,-0.8493276261821816,-1.2486256044147008,-0.4743781303580583,20.542121092243256,-4.1345663496399565,-6.078367461703768,-2.309294781331926,True,False
frozen,75,8,intraday_std_mean,10,-0.9336529217867933,-1.3652884388414583,-0.5240446887930916,19.992314841211943,-4.670059116226858,-6.829066317158369,-2.6212306726624353,True,False
frozen,75,8,daily_spread_mean,10,-6.670894079208378,-10.062673353672027,-3.350139904022219,91.40609815597534,-7.2980842786059705,-11.008754948166679,-3.6651164108389587,True,False
frozen,75,8,price_p5,10,1.8896417427062986,0.0,4.957355518341064,10.670032997131349,17.709802239733758,0.0,46.46054533921175,False,False
frozen,75,8,price_p95,10,-2.041128654479941,-5.000603599548337,-0.001184845924373484,83.04060836791989,-2.457988560773197,-6.021877365580769,-0.0014268271242955052,True,False
frozen,75,8,price_max,10,-2.622174835205078,-5.158568572998047,-0.46360626220703127,87.73991241455079,-2.9885769919804672,-5.879386508417063,-0.5283869671724756,True,False
frozen,75,8,consumer_cost_mean,10,-720.529006398037,-1253.9187892403845,-256.2583236957881,119155.46930081942,-0.6046965452999832,-1.0523384252507504,-0.21506215803559914,True,False
frozen,75,8,loss_of_load_mwh_mean,10,-0.011255645751953123,-0.03376735687255859,3.051757812588818e-07,1.9112010955810548,-0.5889304782200909,-1.7668133903142431,1.5967748342363756e-05,False,False
frozen,75,8,generator_profit_total_mean,10,-3357.0343499541873,-4536.355792416921,-2189.8259447647692,63532.365299929384,-5.283975079640107,-7.140228088473141,-3.4467880023462674,True,False
frozen,5,1,mean_price,10,-0.04768148978551423,-0.16405651245514705,0.052672047773995416,63.510255200266855,-0.07507683544202462,-0.25831499485843307,0.08293471283953226,False,True
frozen,5,1,price_std,10,-0.1709848480292905,-0.3583912843499631,0.007741864139192908,20.542121092243256,-0.8323621852947537,-1.7446654254476783,0.03768775436785956,False,True
frozen,5,1,intraday_std_mean,10,-0.17392871381614458,-0.3493495455796306,-0.0077705397574400195,19.992314841211943,-0.8699778649824472,-1.7474191875944511,-0.03886763398414431,True,True
frozen,5,1,daily_spread_mean,10,-1.0082278537750256,-1.9502056963443737,-0.20640669822693097,91.40609815597534,-1.1030203390309756,-2.1335619129224215,-0.22581283130007215,True,True
frozen,5,1,price_p5,10,0.00172366142272935,-0.01989429473876996,0.025065279006958006,10.670032997131349,0.016154227669143654,-0.18645017071754666,0.23491285372497758,False,True
frozen,5,1,price_p95,10,0.0,0.0,0.0,83.04060836791989,0.0,0.0,0.0,False,True
frozen,5,1,price_max,10,0.0,0.0,0.0,87.73991241455079,0.0,0.0,0.0,False,True
frozen,5,1,consumer_cost_mean,10,-166.43525937953672,-400.3411303778075,25.168778258025583,119155.46930081942,-0.13967907671896698,-0.3359821691164741,0.02112263784928293,False,True
frozen,5,1,loss_of_load_mwh_mean,10,-0.3699529729783534,-1.099745585110038,1.8136240541934965e-06,1.9112010955810548,-19.357092973300023,-57.542117763159126,9.489446497214923e-05,False,True
frozen,5,1,generator_profit_total_mean,10,-834.0472268340221,-1075.8852340737124,-604.4503353745548,63532.365299929384,-1.3127910835628045,-1.6934443239986032,-0.951405370351018,True,True
frozen,5,2,mean_price,10,-0.08793756882349797,-0.30249203565717003,0.08644241094589163,63.510255200266855,-0.13846199884759475,-0.47628849026558323,0.13610779971409787,False,True
frozen,5,2,price_std,10,-0.16806785999655743,-0.37959561384405355,0.037444339369275784,20.542121092243256,-0.818162152008831,-1.8478890867184574,0.18228078396156877,False,True
frozen,5,2,intraday_std_mean,10,-0.15050449733061946,-0.36533272544468004,0.060994675835199935,19.992314841211943,-0.7528117605489641,-1.82736580704295,0.30509061266615395,False,True
frozen,5,2,daily_spread_mean,10,-0.9547577476501473,-1.9410964348316209,-0.10952041125297604,91.40609815597534,-1.0445230317357481,-2.123596208558574,-0.11981740109515499,True,True
frozen,5,2,price_p5,10,-0.002073640823364542,-0.031286201477051634,0.025065279006958006,10.670032997131349,-0.019434249396623637,-0.2932156019148485,0.23491285372497758,False,True
frozen,5,2,price_p95,10,0.0,0.0,0.0,83.04060836791989,0.0,0.0,0.0,False,True
frozen,5,2,price_max,10,0.0,0.0,0.0,87.73991241455079,0.0,0.0,0.0,False,True
frozen,5,2,consumer_cost_mean,10,-286.2492185115756,-786.7102186663134,95.45210250176126,119155.46930081942,-0.24023170752566292,-0.6602384458578128,0.08010719362011261,False,True
frozen,5,2,loss_of_load_mwh_mean,10,-0.37109382636845095,-1.090770826041698,4.824250936508178e-07,1.9112010955810548,-19.416785979584674,-57.072530387498304,2.5241984988719776e-05,False,True
frozen,5,2,generator_profit_total_mean,10,-1003.4026967501646,-1467.9397571726172,-601.6434496737972,63532.365299929384,-1.579356745200985,-2.3105384952104857,-0.9469873297389512,True,True
frozen,5,4,mean_price,9,-0.1569796513628082,-0.4051262706738958,0.073710225908844,62.87839955687522,-0.24965592710548531,-0.6443011805786311,0.11722662540443814,False,True
frozen,5,4,price_std,9,-0.1958118945072768,-0.4670473032893091,0.06438151800672114,21.542158663095204,-0.9089706262480118,-2.168061755526051,0.29886289026835494,False,True
frozen,5,4,intraday_std_mean,9,-0.17852160444450801,-0.44991374813536417,0.08116346569539523,21.067920726574542,-0.8473622374101939,-2.135539401227452,0.3852466826164658,False,True
frozen,5,4,daily_spread_mean,9,-1.050085968441434,-2.1470077978240107,-0.10017470253838529,95.68019618988038,-1.0974956263232418,-2.24394167583353,-0.10469742593293331,True,True
frozen,5,4,price_p5,9,-0.0023040453592939355,-0.03476244608561293,0.02785031000773112,5.377077696058486,-0.04284939681981628,-0.6464932822357123,0.5179450917762635,False,True
frozen,5,4,price_p95,9,0.0,0.0,0.0,82.2673426310221,0.0,0.0,0.0,False,True
frozen,5,4,price_max,9,0.0,0.0,0.0,87.48879157172308,0.0,0.0,0.0,False,True
frozen,5,4,consumer_cost_mean,9,-490.7169377708827,-1042.815962824579,-1.8821386838788734,118056.52047239637,-0.41566271461102455,-0.8833192428946838,-0.0015942691486650665,True,True
frozen,5,4,loss_of_load_mwh_mean,9,-0.412326687408818,-1.2119676980707377,2.8957923252883845e-07,2.1235567728678384,-19.416796041293292,-57.07253573607027,1.3636519457766374e-05,False,True
frozen,5,4,generator_profit_total_mean,9,-1414.7717003619045,-1905.520178010275,-960.4322976260538,62495.46850187503,-2.263798854983314,-3.049053353289294,-1.536803100527582,True,True
frozen,5,8,mean_price,7,-0.21058207296189937,-0.5013549430029737,0.07955810683113944,62.443288782380876,-0.33723731896279885,-0.8028964405610184,0.12740857886009957,False,True
frozen,5,8,price_std,7,-0.2413343176580902,-0.5479920912972039,0.06110965282457061,21.184821827056485,-1.139185024203823,-2.586720321609353,0.28845960246181335,False,True
frozen,5,8,intraday_std_mean,7,-0.20943219236244737,-0.527162210868979,0.1080529168378414,20.682610488659936,-1.0126003798083267,-2.5488185408607706,0.5224336497420657,False,True
frozen,5,8,daily_spread_mean,7,-0.9591406685965416,-2.3871213640485496,0.3541334152221641,95.53017321995326,-1.0040185590244561,-2.498814022405598,0.37070320641708704,False,True
frozen,5,8,price_p5,7,-0.01778400966099371,-0.047580392020090505,0.0,3.863495009286063,-0.46030885553751566,-1.2315375561694568,0.0,False,True
frozen,5,8,price_p95,7,0.0,0.0,0.0,81.4865833827427,0.0,0.0,0.0,False,True
frozen,5,8,price_max,7,0.0,0.0,0.0,86.77130344935826,0.0,0.0,0.0,False,True
frozen,5,8,consumer_cost_mean,7,-666.9414342902247,-1311.9035861185403,-93.47127075776267,117254.96811498144,-0.568795885591999,-1.118846908757055,-0.07971625617270542,True,True
frozen,5,8,loss_of_load_mwh_mean,7,-0.01607900460705553,-0.04823849638258772,9.990844903638518e-07,0.15962935856410437,-10.072711405777202,-30.219062969682973,0.000625877657688286,False,True
frozen,5,8,generator_profit_total_mean,7,-1766.5286178371764,-2224.7897037359166,-1371.3044338271159,61422.40493639141,-2.8760329714646966,-3.622114285560607,-2.2325801720841585,True,True
frozen,10,1,mean_price,10,-0.16728824853897278,-0.4845581576526194,0.08767624801397142,63.510255200266855,-0.2634035212289147,-0.7629604953163271,0.13805053646454726,False,True
frozen,10,1,price_std,10,-0.21010724715874254,-0.5436754449676369,0.13590355959664344,20.542121092243256,-1.0228118421426278,-2.6466373288634233,0.6615848430956863,False,True
frozen,10,1,intraday_std_mean,10,-0.18419675213738884,-0.49755942492858873,0.14571625071589922,19.992314841211943,-0.9213377920484107,-2.488753447914521,0.7288613243300937,False,True
frozen,10,1,daily_spread_mean,10,-0.9879735469818123,-2.1911038398742675,0.16516886496543726,91.40609815597534,-1.0808617443618855,-2.397109037665483,0.18069786184680278,False,True
frozen,10,1,price_p5,10,4.024675226211561,-0.052700910568238155,12.119203348159829,10.670032997131349,37.71942624070235,-0.4939151601724836,113.58168574940763,False,True
frozen,10,1,price_p95,10,0.0,0.0,0.0,83.04060836791989,0.0,0.0,0.0,False,True
frozen,10,1,price_max,10,0.0,0.0,0.0,87.73991241455079,0.0,0.0,0.0,False,True
frozen,10,1,consumer_cost_mean,10,-371.58138603273835,-1006.8863896034206,147.43241293589773,119155.46930081942,-0.31184584997491427,-0.8450190289305473,0.12373113361980091,False,True
frozen,10,1,loss_of_load_mwh_mean,10,-0.558076703250408,-1.6416041087880726,7.892400026321399e-07,1.9112010955810548,-29.20031306704218,-85.89384511047396,4.1295497603939495e-05,False,True
frozen,10,1,generator_profit_total_mean,10,-1582.5868563924553,-2225.337077233075,-1042.3371635168082,63532.365299929384,-2.4909931322739753,-3.5026825567212883,-1.640639630833903,True,True
frozen,10,2,mean_price,10,0.05932465513547029,-0.05232389688492063,0.1909959890246352,63.510255200266855,0.09340956818454263,-0.08238653225361435,0.30073251701220166,False,True
frozen,10,2,price_std,10,-0.3385025581882868,-0.6273779543945963,-0.08852078771297069,20.542121092243256,-1.6478461823307329,-3.0541050341266627,-0.43092330784865396,True,True
frozen,10,2,intraday_std_mean,10,-0.31116030889597857,-0.5799274869409276,-0.07756596972661706,19.992314841211943,-1.5563996033843768,-2.900752071718435,-0.38797893261826494,True,True
frozen,10,2,daily_spread_mean,10,-1.2123180484771736,-2.271209354877474,-0.31441280817985595,91.40609815597534,-1.3262988716666084,-2.484745985986496,-0.34397355813541236,True,True
frozen,10,2,price_p5,10,0.0069690418243411045,-0.018499469757078658,0.03223593711852999,10.670032997131349,0.06531415438185374,-0.17337781206536346,0.30211656446795115,False,True
frozen,10,2,price_p95,10,0.0,0.0,0.0,83.04060836791989,0.0,0.0,0.0,False,True
frozen,10,2,price_max,10,0.0,0.0,0.0,87.73991241455079,0.0,0.0,0.0,False,True
frozen,10,2,consumer_cost_mean,10,19.329034427486476,-194.8399778349145,287.51349763899486,119155.46930081942,0.016221693004026927,-0.1635174440402918,0.24129274075799192,False,True
frozen,10,2,loss_of_load_mwh_mean,10,-0.5479607759416102,-1.621372388675809,8.571185171648565e-07,1.9112010955810548,-28.67101621114422,-84.83525843641637,4.484711311366585e-05,False,True
frozen,10,2,generator_profit_total_mean,10,-1255.1412440404972,-1566.9946146363898,-886.3343492735371,63532.365299929384,-1.9755934445618575,-2.466450929756477,-1.3950910612083292,True,True
frozen,10,4,mean_price,9,-0.09528753315961246,-0.41571370489067716,0.17019431281972588,62.87839955687522,-0.15154255488551724,-0.6611391317532705,0.2706721449959624,False,True
frozen,10,4,price_std,9,-0.277467637104966,-0.6558233108509488,0.1111863929625172,21.542158663095204,-1.2880215090993075,-3.0443713701471706,0.5161339432198844,False,True
frozen,10,4,intraday_std_mean,9,-0.2625851220654509,-0.6261753220467684,0.12503957109021652,21.067920726574542,-1.246374169873502,-2.972174284180435,0.593506937457263,False,True
frozen,10,4,daily_spread_mean,9,-1.127986759609648,-2.3893165583080678,0.021809829341037177,95.68019618988038,-1.1789135103476613,-2.4971902791319467,0.022794507337500523,False,True
frozen,10,4,price_p5,9,-1.7696908315022786,-5.336670568254259,0.027724191877576725,5.377077696058486,-32.911758608202746,-99.24852996203036,0.5155996145991931,False,True
frozen,10,4,price_p95,9,0.0,0.0,0.0,82.2673426310221,0.0,0.0,0.0,False,True
frozen,10,4,price_max,9,0.0,0.0,0.0,87.48879157172308,0.0,0.0,0.0,False,True
frozen,10,4,consumer_cost_mean,9,-297.48836414003097,-803.1478978739874,147.82069579459446,118056.52047239637,-0.2519880841394007,-0.6803079530552293,0.125211801265274,False,True
frozen,10,4,loss_of_load_mwh_mean,9,-0.6088452721842461,-1.8015245257442194,7.927490191424652e-07,2.1235567728678384,-28.671014590394385,-84.83524192815818,3.7331190259249204e-05,False,True
frozen,10,4,generator_profit_total_mean,9,-1966.5897260656357,-2333.3925119482537,-1606.7118464414386,62495.46850187503,-3.1467717151470476,-3.733698727097703,-2.570925356601228,True,True
frozen,10,8,mean_price,6,0.03953528404235721,-0.24217878447638577,0.32159469657473966,61.7944252991014,0.06397872275855945,-0.3919104082676977,0.5204267132805849,False,True
frozen,10,8,price_std,6,-0.34628364807476925,-0.580908435281143,-0.11789648852519245,22.386596597799283,-1.5468347167555192,-2.5948939256726913,-0.5266387322885082,True,True
frozen,10,8,intraday_std_mean,6,-0.35642399137629727,-0.5936347013355938,-0.13165798626955755,22.035840947167543,-1.6174739699331124,-2.693950744874562,-0.5974720301585797,True,True
frozen,10,8,daily_spread_mean,6,-1.727068312962852,-3.1666666666666665,-0.31039749781290976,96.8465616861979,-1.78330369493023,-3.269777069553894,-0.3205044065670181,True,True
frozen,10,8,price_p5,6,-0.0001891771952315935,-0.0005675315856947805,0.0,-2.6639539082845047,-0.007101368932971409,-0.021304106798914226,0.0,False,True
frozen,10,8,price_p95,6,0.0,0.0,0.0,81.66666666666667,0.0,0.0,0.0,False,True
frozen,10,8,price_max,6,0.0,0.0,0.0,87.4393424987793,0.0,0.0,0.0,False,True
frozen,10,8,consumer_cost_mean,6,-197.96845243240628,-686.7096004832978,274.2375422654077,116022.01479294553,-0.1706300763572357,-0.5918787065616893,0.2363668160347118,False,True
frozen,10,8,loss_of_load_mwh_mean,6,-0.018758551000307006,-0.05627825558185578,1.7890706658363344e-06,0.018759663899739584,-99.99406759396902,-299.9960760631592,0.009536794877551989,False,True
frozen,10,8,generator_profit_total_mean,6,-2538.3281997310805,-2966.6182137523333,-2225.771922086407,60188.58223094121,-4.217291894319118,-4.928872061431081,-3.6979969282981413,True,True
frozen,25,1,mean_price,9,-0.213687651687199,-0.6184402970804117,0.18258491551434408,62.87839955687522,-0.3398427014572989,-0.9835496791247298,0.2903778035081683,False,True
frozen,25,1,price_std,9,-0.41310627263848726,-0.8480587519154414,-0.012776490730147286,21.542158663095204,-1.9176642373644632,-3.9367398837716636,-0.059309240684570955,True,True
frozen,25,1,intraday_std_mean,9,-0.4227936808271038,-0.8517892989923291,-0.027055971107364775,21.067920726574542,-2.006812567382611,-4.04306295835784,-0.12842259783727522,True,True
frozen,25,1,daily_spread_mean,9,-3.2954602453443758,-5.433288331561618,-1.4949483336342735,95.68019618988038,-3.4442448663090435,-5.678592381624183,-1.5624427971149863,True,True
frozen,25,1,price_p5,9,-0.28012072245279956,-2.2051232655843105,1.3648111979166666,5.377077696058486,-5.209534588985651,-41.00969690656903,25.38202486672459,False,True
frozen,25,1,price_p95,9,-0.04512040879987151,-0.13536122639961454,0.0,82.2673426310221,-0.05484607543754197,-0.1645382263126259,0.0,False,True
frozen,25,1,price_max,9,0.0,0.0,0.0,87.48879157172308,0.0,0.0,0.0,False,True
frozen,25,1,consumer_cost_mean,9,-305.70476188813984,-1026.015586848136,335.2243880548062,118056.52047239637,-0.2589477994649341,-0.869088452499357,0.2839524549033167,False,True
frozen,25,1,loss_of_load_mwh_mean,9,-1.7134452373617226,-5.094116796308921,-0.011234588366415764,2.1235567728678384,-80.68751724719537,-239.88606574569587,-0.5290458211410842,True,True
frozen,25,1,generator_profit_total_mean,9,-2585.986445958866,-3297.6387330457496,-1935.1935239897139,62495.46850187503,-4.137878326140206,-5.276604547651022,-3.096534149402613,True,True
frozen,25,2,mean_price,10,-0.48451289256414043,-0.7741827815274445,-0.22006716852387181,63.510255200266855,-0.7628892232228106,-1.2189886170134483,-0.346506509586419,True,True
frozen,25,2,price_std,10,-0.5040040851012917,-0.7702206059023932,-0.2486710413613599,20.542121092243256,-2.453515305640003,-3.7494696990819993,-1.210542184250187,True,True
frozen,25,2,intraday_std_mean,10,-0.53271184614385,-0.7828377558968439,-0.29743055596984663,19.992314841211943,-2.6645831179375166,-3.9156934157674956,-1.4877244497807052,True,True
frozen,25,2,daily_spread_mean,10,-3.2454105949401866,-5.128022650718689,-1.6821007688045524,91.40609815597534,-3.5505405661252696,-5.610153757978196,-1.8402500519541005,True,True
frozen,25,2,price_p5,10,-1.7848735809326173,-5.165966396331787,0.8091025924682611,10.670032997131349,-16.72791060170557,-48.415655300416255,7.582943676798275,False,True
frozen,25,2,price_p95,10,-1.0408920288085568,-3.041175689697229,0.0,83.04060836791989,-1.2534735104501866,-3.662275300564984,0.0,False,True
frozen,25,2,price_max,10,0.0,0.0,0.0,87.73991241455079,0.0,0.0,0.0,False,True
frozen,25,2,consumer_cost_mean,10,-1093.8295839523912,-1915.2955649566236,-403.59597343495204,119155.46930081942,-0.9179852090472771,-1.6073920703725955,-0.3387137626188482,True,True
frozen,25,2,loss_of_load_mwh_mean,10,-1.5384001250565054,-4.592695132225752,3.360405564303614e-06,1.9112010955810548,-80.493890915691,-240.30412827015743,0.00017582689608504874,False,True
frozen,25,2,generator_profit_total_mean,10,-3256.5636543855826,-4088.4419789400818,-2484.620672780608,63532.365299929384,-5.125834114646448,-6.435211344074776,-3.9107951688103917,True,True
frozen,25,4,mean_price,8,-1.2293116718530674,-2.247998826069138,-0.28873635316888835,63.12476810365916,-1.9474315847535095,-3.561199341560556,-0.4574058041603343,True,True
frozen,25,4,price_std,8,0.09645623142938686,-0.6327531407956984,1.0435674320576915,20.959842259772145,0.46019540716923046,-3.018883123992447,4.978889722183607,False,True
frozen,25,4,intraday_std_mean,8,0.03444476331617352,-0.7233994286660552,1.0463779191410847,20.44250918415559,0.16849577028866242,-3.5387017422828975,5.118637392870062,False,True
frozen,25,4,daily_spread_mean,8,-1.2888149857521078,-4.932099473476409,3.766695463657376,93.07772071361542,-1.3846653913212765,-5.298904437778031,4.0468282149354176,False,True
frozen,25,4,price_p5,8,-10.546921408176422,-21.208465445041654,-2.631822252273559,7.299212408065797,-144.49396480806382,-290.55827203501866,-36.05624970394525,True,True
frozen,25,4,price_p95,8,-2.9884461402893177,-6.050760459900083,-0.5001856803894054,82.55076045989986,-3.620131569521998,-7.329745269686911,-0.6059128681587098,True,True
frozen,25,4,price_max,8,0.0,0.0,0.0,87.17489051818848,0.0,0.0,0.0,False,True
frozen,25,4,consumer_cost_mean,8,-3262.1121631134156,-6003.749308269835,-874.7369297578243,118437.26788705756,-2.7542953508723147,-5.0691386380130306,-0.7385656097639623,True,True
frozen,25,4,loss_of_load_mwh_mean,8,-1.9356475365534425,-5.753515417277813,-0.012643597545102242,2.3890013694763184,-81.02329120798062,-240.83349180076084,-0.5292419546780665,True,True
frozen,25,4,generator_profit_total_mean,8,-5300.746269729811,-7773.798281492762,-3187.24631658797,63099.66946663161,-8.400592767816246,-12.319871636734492,-5.051129971882738,True,True
frozen,50,1,mean_price,9,-0.9767104003716409,-1.3978203126125908,-0.553907406865445,62.87839955687522,-1.5533321573940186,-2.2230532622704944,-0.8809184247197971,True,True
frozen,50,1,price_std,9,0.018489003077898875,-0.5565014288973457,0.7072664259846314,21.542158663095204,0.08582706759825877,-2.583313202732613,3.28317341379664,False,True
frozen,50,1,intraday_std_mean,9,-0.06720907857580254,-0.653439614849328,0.5807653935767255,21.067920726574542,-0.31901144611307897,-3.1015856919619784,2.756633656989998,False,True
frozen,50,1,daily_spread_mean,9,-3.8566251436869328,-7.712057723204299,0.5210543057653612,95.68019618988038,-4.030745438725208,-8.060244470966047,0.544579052420955,False,True
frozen,50,1,price_p5,9,-4.362542830573188,-11.37909728156196,0.8643974304199212,5.377077696058486,-81.13222603740739,-211.622333259255,16.075598666791503,False,True
frozen,50,1,price_p95,9,-1.1566992017957491,-3.378934902614977,-0.00045420328776104825,82.2673426310221,-1.406024753933854,-4.107261514170774,-0.0005521064291552468,True,True
frozen,50,1,price_max,9,-0.1761873033311632,-0.5285619099934896,0.0,87.48879157172308,-0.20138271447803152,-0.6041481434340945,0.0,False,True
frozen,50,1,consumer_cost_mean,9,-2187.5229042348606,-2988.361254364747,-1354.4106878009964,118056.52047239637,-1.85294543281609,-2.53129707906602,-1.1472561467857938,True,True
frozen,50,1,loss_of_load_mwh_mean,9,-1.731768489711814,-5.149083436735802,-0.011236387147671648,2.1235567728678384,-81.55037396872046,-242.47448914596362,-0.5291305272002236,True,True
frozen,50,1,generator_profit_total_mean,9,-5168.760042643382,-6735.14534934162,-3879.4724817031106,62495.46850187503,-8.270615720703503,-10.777013935241637,-6.207606046807563,True,True
frozen,50,2,mean_price,7,-1.1875055139263486,-1.8074197188729357,-0.5280805655178591,62.510384726808184,-1.8996931775674633,-2.8913911292851253,-0.8447885384576534,True,True
frozen,50,2,price_std,7,0.1473959255545001,-0.464656088246831,0.7606186067596028,21.419454351780786,0.688140431281555,-2.169318044314234,3.5510643467739222,False,True
frozen,50,2,intraday_std_mean,7,0.08762920951430912,-0.48388385965312863,0.6661821107826097,21.021291349621688,0.41685930734167836,-2.3018750447119265,3.169082715722879,False,True
frozen,50,2,daily_spread_mean,7,-4.086726152896886,-7.854130172729498,-0.37332437208721103,93.2117127282279,-4.384348311260326,-8.426119360803229,-0.40051229739302374,True,True
frozen,50,2,price_p5,7,-6.5529288044997624,-15.988087757144655,0.9095167432512555,9.77052846636091,-67.0683149541085,-163.63585462332225,9.308777374557001,False,True
frozen,50,2,price_p95,7,-2.000184958321707,-4.857284273420062,-0.000164521081106171,81.42857142857143,-2.4563674926757804,-5.965085949814111,-0.000202043432937403,True,True
frozen,50,2,price_max,7,-1.4285714285714286,-4.285714285714286,0.0,86.77130344935826,-1.6463639150069653,-4.939091745020896,0.0,False,True
frozen,50,2,consumer_cost_mean,7,-2427.828106432891,-3736.956837614117,-1148.6643763551353,117852.8541120238,-2.060050326931535,-3.170866641941477,-0.9746597865701958,True,True
frozen,50,2,loss_of_load_mwh_mean,7,-2.3390762173703736,-6.985072281956673,1.7274703298296248e-06,2.586737632751465,-90.42572341912935,-270.03404572294335,6.678181458983711e-05,False,True
frozen,50,2,generator_profit_total_mean,7,-5410.271259601248,-7852.612947872737,-3042.4241065590054,62072.59778196726,-8.716038079484065,-12.650691655366812,-4.901396453948414,True,True
frozen,50,4,mean_price,1,-0.9732082168261158,nan,nan,62.483487065633135,-1.5575446610459662,nan,nan,False,True
frozen,50,4,price_std,1,0.16768948893105318,nan,nan,24.992358711721362,0.6709630366036927,nan,nan,False,True
frozen,50,4,intraday_std_mean,1,0.08803104548332996,nan,nan,24.506207485230938,0.3592193754842861,nan,nan,False,True
frozen,50,4,daily_spread_mean,1,-0.9999751091003475,nan,nan,92.99991226196289,-1.0752430672016224,nan,nan,False,True
frozen,50,4,price_p5,1,0.0,nan,nan,-10.0,0.0,nan,nan,False,True
frozen,50,4,price_p95,1,0.0,nan,nan,80.0,0.0,nan,nan,False,True
frozen,50,4,price_max,1,0.0,nan,nan,90.0,0.0,nan,nan,False,True
frozen,50,4,consumer_cost_mean,1,-2479.263188616882,nan,nan,119484.00174805774,-2.074975019538282,nan,nan,False,True
frozen,50,4,loss_of_load_mwh_mean,1,1.8805265426635743e-06,nan,nan,0.0,nan,nan,nan,False,True
frozen,50,4,generator_profit_total_mean,1,-8100.419803673118,nan,nan,64577.37529847275,-12.543742705914362,nan,nan,False,True
frozen,75,1,mean_price,8,-0.637598790476722,-1.093289425540717,-0.1822573453187939,62.7397428902487,-1.0162598077459137,-1.7425787470204013,-0.29049743738608974,True,True
frozen,75,1,price_std,8,-0.3606786913838813,-0.8430403872776078,0.18321597013241275,22.33920855897841,-1.6145544746209015,-3.773814927471006,0.8201542576976208,False,True
frozen,75,1,intraday_std_mean,8,-0.4153078917268602,-0.9183373955851373,0.1679094582922984,21.879900098006388,-1.8981251736368827,-4.197173622693152,0.7674141908335206,False,True
frozen,75,1,daily_spread_mean,8,-5.873655617237095,-8.821671361029154,-2.7887830138206517,100.231897521019,-5.860066268829609,-8.801261453899162,-2.7823308575354804,True,True
frozen,75,1,price_p5,8,-0.037072074413297074,-0.10913659334182135,0.0,1.7971778392791746,-2.062793876212396,-6.072665206332316,0.0,False,True
frozen,75,1,price_p95,8,-1.3020048141479013,-3.8020048141479013,-0.0011673927307125354,82.55076045989986,-1.5772172259762134,-4.605656923045277,-0.0014141513951038793,True,True
frozen,75,1,price_max,8,-2.6982107162475586,-6.25,-0.1982107162475586,88.42489051818848,-3.0514153881734836,-7.068145590425597,-0.22415715200324487,True,True
frozen,75,1,consumer_cost_mean,8,-1419.0559358937808,-2262.2340084010575,-641.6192995021265,117624.68075833048,-1.2064270242818742,-1.9232647381623948,-0.5454801622972187,True,True
frozen,75,1,loss_of_load_mwh_mean,8,-0.7806518182158471,-2.3138176970183846,8.799135683690285e-07,2.3890013694763184,-32.6769096154587,-96.85292468147834,3.6831857009856385e-05,False,True
frozen,75,1,generator_profit_total_mean,8,-4501.91548405616,-5778.338052259762,-3262.5935266659026,62106.015573192184,-7.248759145964909,-9.303990924115825,-5.253264915732556,True,True
frozen,75,2,mean_price,4,-1.719962176183861,-3.4561414703726783,-0.5345991084972983,62.61387754827738,-2.7469344553173745,-5.519769108226653,-0.8538029098822456,True,True
frozen,75,2,price_std,4,-0.056285860317290215,-0.6950930611921429,0.5825213405575624,23.48302340995524,-0.23968745137574043,-2.959981127887773,2.4806062251362917,False,True
frozen,75,2,intraday_std_mean,4,-0.09341871337086172,-0.7230317007121654,0.5038137396167972,23.212915962698197,-0.40244281899344375,-3.114781882095447,2.1704026345780796,False,True
frozen,75,2,daily_spread_mean,4,-7.624993777275087,-13.5,-1.7499875545501737,102.47763829231262,-7.440641591998005,-13.173605700681634,-1.7076774833143764,True,True
frozen,75,2,price_p5,4,0.018125319480895463,0.0,0.05437595844268639,0.3373085498809818,5.3735132083935975,0.0,16.120539625180793,False,True
frozen,75,2,price_p95,4,-2.5015859603881836,-7.500017070770262,-3.414154052450158e-05,82.5,-3.032225406531132,-9.090929782751834,-4.138368548424434e-05,True,True
frozen,75,2,price_max,4,-2.5,-7.5,0.0,90.0,-2.7777777777777777,-8.333333333333334,0.0,False,True
frozen,75,2,consumer_cost_mean,4,-3841.627198988277,-7015.767296717753,-1458.1859942818119,117053.43365251546,-3.281943193902814,-5.993645019884459,-1.2457438870273376,True,True
frozen,75,2,loss_of_load_mwh_mean,4,-3.8430533394217488,-11.529162825644015,1.9431114196777345e-06,4.498651361465454,-85.42678751104329,-256.2804249380273,4.319319866220436e-05,False,True
frozen,75,2,generator_profit_total_mean,4,-7037.896593080588,-10705.914717926165,-3353.7400200835327,61793.37585246092,-11.389402983718526,-17.3253436476554,-5.4273455266321555,True,True
