config_id,power_mw,duration_h,seed,arm,mean_price,price_std,intraday_std_mean,daily_spread_mean,price_p5,price_p95,price_max,consumer_cost_mean,loss_of_load_mwh_mean,generator_profit_total_mean,bess_profit_mean,bess_charge_mwh_mean,bess_discharge_mwh_mean,bess_equivalent_cycles_mean,bess_mean_charge_price,bess_mean_discharge_price,hours
baseline_s42,,,42,frozen,69.19695599079132,11.541782954575757,10.311861872948516,52.93921585083008,58.30663070678711,90.0,90.0,129046.0087566266,0.0,72864.43648241853,,,,,,,24
baseline_s43,,,43,frozen,59.10476509332657,23.328631099670293,22.97480509210424,101.81287231445313,-10.0,80.0,84.63605499267578,113505.72572949743,0.1125579833984375,55648.85370513544,,,,,,,24
baseline_s44,,,44,frozen,60.907451182603836,26.200689889679655,26.071213065926162,116.5,-10.0,80.0,90.0,115010.54115510697,0.0,57661.860783822485,,,,,,,24
baseline_s45,,,45,frozen,63.537711087862654,22.486411818014943,22.143296618308852,109.5,-10.0,90.0,90.0,115141.29593182977,0.0,60623.051002992936,,,,,,,24
baseline_s46,,,46,frozen,64.02476491133372,17.50969622694468,16.750484749335037,81.49197807312012,43.02818851470947,80.0,82.76306915283203,121739.28025968338,0.0,66074.73542745378,,,,,,,24
baseline_s47,,,47,frozen,66.3190874695778,20.593316466740063,20.326805633320397,99.4106409072876,31.349234199523927,90.0,90.0,122239.90569863965,17.994605445861815,67925.0066636627,,,,,,,24
baseline_s48,,,48,frozen,63.98765288988749,15.165759496029564,14.572085755119762,59.26658554077149,34.01627655029297,80.0,80.0,121511.23818492373,0.0,65611.09193133791,,,,,,,24
baseline_s49,,,49,frozen,62.483487065633135,24.992358711721362,24.506207485230938,92.99991226196289,-10.0,80.0,90.0,119484.00174805774,0.0,64577.37529847275,,,,,,,24
baseline_s50,,,50,frozen,64.79519183635712,21.456835687376373,20.318950473510206,99.13977661132813,-10.0,80.40608367919884,90.0,122397.40953557126,1.004847526550293,67327.9810401116,,,,,,,24
baseline_s51,,,51,frozen,60.74548447529475,22.145728571679886,21.947437666315288,101.0,-10.0,80.0,90.0,111479.28600825754,0.0,57009.26066388576,,,,,,,24
p10_d1_s42,10,1,42,frozen,69.05112265745798,11.467298370005835,10.213268886430143,52.93921585083008,58.30663070678711,90.0,90.0,128688.67093466615,1.5497207641601563e-07,72284.86690569602,494.1833975558399,10.527423357963562,14.21809750973757,1.421809750973757,65.99200419681355,83.61942680178937,24
p10_d1_s43,10,1,43,frozen,59.29592399199804,22.38675773807828,22.10608172282669,97.81287231445313,-10.0,80.0,84.63605499267578,114058.91700541317,4.887580871582031e-07,54788.728235587165,1437.3365808484928,32.040663385391234,32.23874685964951,3.223874685964951,28.981743487210842,73.38780500817802,24
p10_d1_s44,10,1,44,frozen,61.20007824699084,25.588292938601157,25.450914615239036,112.0,-10.0,80.0,90.0,115464.95600603314,1.8209218978881836e-06,56630.95576388561,1581.880705282841,26.575852617621422,28.66168363764039,2.866168363764039,22.857795696790486,76.38581677767367,24
p10_d1_s45,10,1,45,frozen,63.804552578926085,22.40127692425911,22.053383350484488,109.5,-10.0,90.0,90.0,115750.62848095584,1.710653305053711e-06,59737.4995588143,1439.1902705429525,38.069916146993634,39.006341041724426,3.9006341041724424,37.429511847046776,73.42725750459951,24
p10_d1_s46,10,1,46,frozen,63.94812896251678,17.565933834724703,16.77871005226672,81.49197807312012,43.01986999511719,80.0,82.76306915283203,121635.84744249696,5.7220458984375e-07,64987.18691350393,878.9257376619314,33.63628060817719,34.849355517323566,3.484935551732357,48.94488679214287,72.46187617107054,24
p10_d1_s47,10,1,47,frozen,66.4534519314766,19.45475473964005,19.300268545409523,97.9106409072876,31.43278512954712,90.0,90.0,122181.07492640216,12.627548938989639,66930.89900655355,1459.5338290653124,35.998783874511716,37.14232201903637,3.714232201903637,41.20814046914647,79.23513156168015,24
p10_d1_s48,10,1,48,frozen,62.71682229439418,16.06034082292735,15.461052114968112,61.79786357879639,33.81275653839111,80.0,80.0,118938.27610206569,7.152557373046875e-07,61888.17002569622,1151.6501618889554,41.13456444740295,41.76452445140017,4.176452445140017,40.190412946204255,67.15903820852192,24
p10_d1_s49,10,1,49,frozen,62.47947818835576,24.8313549645205,24.341913598116577,91.99993715286254,-10.0,80.0,90.0,119419.48180942175,3.248453140258789e-07,62962.14357085313,1579.4482168068698,23.025087678432463,25.465995065447295,2.5465995065447293,10.874606690587967,71.85413272183031,24
p10_d1_s50,10,1,50,frozen,64.34030528068543,21.308607397340392,20.29409737041066,98.72873821258545,30.375039863586547,80.40608367919884,90.0,121031.1021997615,0.9036876827478408,64899.95271971255,1197.0675124324025,22.392265117168428,24.896454708273964,2.4896454708273965,33.34760149029716,78.07520664292919,24
p10_d1_s51,10,1,51,frozen,60.13980538447698,22.255520720747768,22.08149063459356,100.0,-10.0,80.0,90.0,110669.9242406503,1.5139579772949218e-06,54387.38173506687,1664.8540916193556,28.50265656709671,30.39580743638391,3.0395807436383913,17.71155005358494,71.38090753498173,24
p10_d2_s42,10,2,42,frozen,69.19695599079132,11.541782954575757,10.311861872948516,52.93921585083008,58.30663070678711,90.0,90.0,129046.0087566266,1.1324882507324218e-07,72774.09710425613,319.8206438948234,20.68761768937111,19.105688903248822,0.9552844451624412,66.90377602906884,89.1828812343831,24
p10_d2_s43,10,2,43,frozen,59.625582071145374,22.28812759146165,21.983578063229622,97.81287231445313,-10.0,80.0,84.63605499267578,114502.23025126228,6.973743438720703e-07,55047.26866224258,1501.5602383467112,40.77413451075554,37.14643167563894,1.8573215837819468,34.16570811409759,77.92504652726781,24
p10_d2_s44,10,2,44,frozen,61.19620158076286,25.670201887942426,25.528623956864028,112.0,-10.0,80.0,90.0,115382.1670756288,2.5033950805664064e-07,56230.1478751535,1707.8824642419263,36.27467498779297,33.096918056598824,1.6548459028299412,24.65389205095396,78.62346521583727,24
p10_d2_s45,10,2,45,frozen,63.491264605522154,22.437903045648454,22.0928339920249,109.5,-10.0,90.0,90.0,115072.55929819502,1.5616416931152343e-06,59116.94303082931,1235.8956323862672,35.5767520904541,33.46878749140718,1.6734393745703589,31.665740390826855,70.58695594030512,24
p10_d2_s46,10,2,46,frozen,63.789014569918315,17.6636978600245,16.86300082672505,81.49197807312012,42.94262142181397,80.0,82.76306915283203,121218.24533410238,8.702278137207031e-07,64510.42346919431,700.3527007010699,43.977458119392395,39.89983176230541,1.9949915881152704,49.812237590733496,72.45565120181689,24
p10_d2_s47,10,2,47,frozen,66.37011859814326,19.374969579081895,19.2138709886325,97.9106409072876,31.43278512954712,90.0,90.0,121969.11703684527,12.627548938989639,66991.66585607137,1229.7913264024774,46.040031051635744,41.88573850928894,2.094286925464447,47.415920905868354,81.47932730119355,24
p10_d2_s48,10,2,48,frozen,64.07767444054285,14.747650726437948,14.257031189583557,59.05441856384277,34.08798313140869,80.0,80.0,121452.7534275736,7.62939453125e-07,64485.57544853721,1173.332158510213,55.40694961547852,50.379421663814846,2.5189710831907424,43.14885854958588,70.74473410822095,24
p10_d2_s49,10,2,49,frozen,62.47947818835576,24.8313549645205,24.341913598116577,91.99993715286254,-10.0,80.0,90.0,119419.48180942175,3.5911798477172854e-07,62852.69796691871,1344.907254707176,25.944550895690917,20.89297033198867,1.0446485165994335,8.525649229234082,74.95829315643222,24
p10_d2_s50,10,2,50,frozen,64.69619685808817,21.495955689690792,20.430177980635413,99.22873821258545,-10.0,80.40608367919884,90.0,122152.00391093225,1.004848349094391,65777.53090746961,1546.106770478656,15.98579807281494,21.56785263212967,1.0783926316064836,15.259644125007437,82.9959472857956,24
p10_d2_s51,10,2,51,frozen,60.77331165075302,21.984541041165787,21.78865285439945,100.0,-10.0,80.0,90.0,111533.41645188097,1.2934207916259765e-06,54985.89023821618,1671.6717615833445,39.151767283678055,35.74975767203786,1.787487883601893,26.31549428185172,75.58008908616308,24
p10_d4_s42,10,4,42,frozen,69.2910235007604,11.511078004547164,10.263573755188137,52.93921585083008,58.4191535949707,90.0,90.0,129143.6883199058,3.814697265625e-07,72710.65856349125,521.153685915564,20.767410278320312,19.664335448741916,0.4916083862185479,59.42470507261871,89.2606272610711,24
p10_d4_s43,10,4,43,frozen,59.523605402310686,22.463443088428097,22.094785375858255,97.81287231445313,-10.0,80.0,84.63605499267578,113958.64621407702,1.0728836059570312e-06,53961.405025996035,2032.662753713797,42.911533737182616,39.55692403143391,0.9889231007858477,23.85671110833121,77.26563407378211,24
p10_d4_s44,10,4,44,frozen,61.34085035920143,25.464928693486225,25.336095407898426,112.0,-10.0,80.0,90.0,115551.19878355353,4.215165972709656e-07,56273.538517189896,1854.7372031172795,46.43022842407227,42.76087164825187,1.0690217912062967,32.13040775501739,78.26218796637025,24
p10_d4_s45,10,4,45,frozen,63.32459793885549,22.31431835190094,21.96349558382596,109.5,-10.0,90.0,90.0,114864.73306528486,8.940696716308594e-07,58661.090003610414,1495.140815723229,35.5767520904541,32.955620478922185,0.8238905119730546,31.665740390826855,79.55259143262528,24
p10_d4_s46,10,4,46,frozen,62.91701487700144,18.365285927182665,17.6312955067548,83.13576440811157,27.018555164337158,80.0,82.76306915283203,119957.58351759885,7.62939453125e-07,63099.8862734046,1059.8141216240601,34.03847522735596,36.633058341382245,0.9158264585345561,43.9345175529071,69.7533382324231,24
p10_d4_s47,10,4,47,frozen,66.34928526480992,19.354915838209173,19.19431805406273,97.9106409072876,31.43278512954712,90.0,90.0,121914.7179966231,12.627549749612808,66917.32411069478,1265.2248209172947,46.040031051635744,42.372571719884874,1.0593142929971218,47.415920905868354,81.37941955850556,24
p10_d4_s48,10,4,48,frozen,63.82112372716268,15.176635069350283,14.561060317522735,59.38193187713623,34.01514148712158,80.0,80.0,121025.18016635887,9.596347808837891e-07,63715.89260818992,1431.7542117166436,52.1441234588623,49.866254761333174,1.2466563690333294,41.40541413439582,72.00868112899163,24
p10_d4_s49,10,4,49,frozen,62.364416762193045,24.7754327877538,24.288605231968734,91.99993715286254,-10.0,80.0,90.0,119133.27746638641,6.139278411865235e-07,62103.130786979644,2076.7548876362416,25.944550895690917,30.379803499040456,0.7594950874760114,8.525649229234082,75.64068108786464,24
p10_d4_s50,10,4,50,frozen,64.41242872873941,21.600391362981977,20.514394735292818,99.22873821258545,-10.0,80.40608367919884,90.0,121390.07749506374,1.00484858751297,64940.319019918155,1643.736233912109,25.61198902130127,31.0433753268685,0.7760843831717125,32.217651866798164,79.5304748217822,24
p10_d4_s51,10,4,51,frozen,60.99468515316645,21.866868114618963,21.663970227397368,100.0,-10.0,80.0,90.0,112035.8742693608,4.4405460357666017e-07,55087.3226363012,2035.2578639458873,54.30782560110092,49.8662547709925,1.2466563692748125,31.61614857004981,75.2465201948425,24
p10_d8_s42,10,8,42,frozen,68.65452735821405,12.211230727300656,11.118771787151097,58.5844292640686,58.02173366546631,90.0,90.0,127556.94054481034,2.5391578674316407e-06,71039.3302665359,540.3444550117076,40.570609664916994,38.460880618061665,0.4807610077257708,62.163291572224864,79.62238627049933,24
p10_d8_s43,10,8,43,frozen,59.62726586659749,22.544932952935266,22.169608197450575,97.81287231445313,-10.0,80.0,84.63605499267578,114131.60749683579,4.0531158447265624e-07,53300.24275799659,2234.99517195562,82.91153373718262,77.59401906119597,0.9699252382649496,41.652836731662994,73.31100797080659,24
p10_d8_s44,10,8,44,frozen,61.32168136239052,25.43888711072304,25.31772024692007,112.0,-10.0,80.0,90.0,115176.67375693787,5.090609192848206e-07,55660.74957479719,2043.849498760373,56.43022842407227,52.73453751965275,0.6591817189956594,36.21567314017318,77.51102785472575,24
p10_d8_s45,10,8,45,frozen,63.532931272188826,22.468499836979525,22.125191775874328,109.5,-10.0,90.0,90.0,115128.90660349287,3.814697265625e-07,58121.70752384108,2484.519163131714,39.577968215942384,50.0,0.625,33.11137220885462,75.9,24
p10_d8_s46,10,8,46,frozen,63.67836561203003,17.802958946592568,17.011099861192285,81.49197807312012,42.94262142181397,80.0,82.76306915283203,120853.84666658896,3.17990779876709e-06,63678.506579561115,1305.2202553678885,43.88292179107666,45.344116795160296,0.5668014599395037,46.730641666682565,74.00954271606702,24
p10_d8_s47,10,8,47,frozen,66.4242139617602,19.333104337329203,19.17296168727869,97.9106409072876,31.43278512954712,90.0,90.0,121959.63461140245,8.237526488304137,67071.27983597692,1315.0843622684479,46.040031051635744,39.838927960395814,0.49798659950494767,44.969977362637245,84.979784591623,24
p10_d8_s48,10,8,48,frozen,63.58807921012242,15.008493508670801,14.379888652061712,59.404150772094724,34.01514148712158,80.0,80.0,120441.02192535569,7.897615432739258e-07,63168.612407972665,1396.0553562393459,52.1441234588623,48.535226228702186,0.6066903278587773,41.40541413439582,73.24792030383549,24
p10_d8_s49,10,8,49,frozen,62.127435223261514,24.843507781399563,24.33718279811391,91.99993715286254,-10.0,80.0,90.0,118510.9392131707,2.0295381546020506e-06,61074.950187520066,2270.4954136546003,45.94455089569092,49.353469289989405,0.6169183661248676,32.652493098577935,76.40191457540026,24
p10_d8_s50,10,8,50,frozen,64.41605116526286,21.600265983184038,20.514624692750687,99.22873821258545,-10.0,80.40608367919884,90.0,121393.78725460265,1.004848098754883,65497.11446833919,911.6649017333984,36.18259868621826,30.0,0.375,39.85768442587682,78.46065006256103,24
p10_d8_s51,10,8,51,frozen,60.80637056430181,21.93755650763889,21.746910064326862,100.0,-10.0,80.0,90.0,111555.12904728581,2.5622546672821043e-06,54575.26173513321,1703.573353569675,68.4277883529663,57.839920589775964,0.7229990073721996,37.905941479327225,74.29804623896096,24
p25_d1_s42,25,1,42,frozen,69.19695599079132,11.541782954575757,10.311861872948516,52.93921585083008,58.30663070678711,90.0,90.0,129046.0087566266,2.175569534301758e-06,72203.92413048937,1126.0949010367017,0.808657455444336,12.586333204507827,0.5034533281803131,-10.510069830511354,88.79439599698094,24
p25_d1_s43,25,1,43,frozen,59.80634829203288,21.851547598587516,21.481018763531118,95.81287231445313,-10.0,80.0,84.63605499267578,114437.69171568655,3.111362457275391e-06,53742.8185776006,2598.3480884819423,88.44171037673951,77.9928195305861,3.119712781223444,36.65114589421557,74.87661240844866,24
p25_d1_s44,25,1,44,frozen,61.52580269376437,24.836929973181633,24.7295526509684,106.5,-10.0,80.0,90.0,116133.7815061113,7.429718971252442e-06,56500.39511413069,2578.4541870424828,80.08188207745552,71.88841165519933,2.8755364662079734,36.460353928380265,76.4833694922742,24
p25_d1_s45,25,1,45,frozen,63.340035835901894,22.50721290524727,22.160263694558203,109.5,-10.0,90.0,90.0,114991.52196782563,3.933906555175781e-06,58297.42960146359,2134.3168647892494,67.74530553817749,72.82931669831278,2.9131726679325114,40.73117225248118,67.19358076958446,24
p25_d1_s46,25,1,46,frozen,63.564711757500966,17.90721038942097,17.0719298782268,81.23153285980224,43.027737617492676,80.0,82.76306915283203,121237.5607955093,2.6047229766845705e-06,64293.67507277407,935.0660983804339,59.99531276226044,57.14364425413205,2.285745770165282,47.50815911047921,66.24241439937828,24
p25_d1_s47,25,1,47,frozen,65.07812354962032,19.877421952102477,19.62240555283365,96.9106409072876,24.73401470184326,90.0,90.0,119709.97387349748,2.787284567952156,64685.44897081633,2294.8382837544723,105.44364671707153,106.72070169925478,4.268828067970191,51.84243021245412,72.7252825033207,24
p25_d1_s48,25,1,48,frozen,63.71073449850083,15.03787474577552,14.382917550129179,57.04106426239014,38.110860443115236,80.0,80.0,121294.79888818823,2.6829540729522707e-06,63351.84188702088,1696.2278089242627,96.428490203619,84.65436165418001,3.3861744661672004,41.708568539944174,67.54669210246055,24
p25_d1_s49,25,1,49,frozen,61.480655419826505,25.33557461647655,24.917277088641917,91.99993715286254,-10.0,80.0,90.0,118263.48683671684,4.220008850097656e-06,60310.435225618014,3072.302680748945,53.59372386932373,58.56428446650504,2.342571378660202,12.650742218435543,64.03737534077966,24
p25_d1_s50,25,1,50,frozen,64.54519183635712,21.277473854601414,20.114490117890547,96.96657600402833,-10.0,80.0,90.0,121982.96341435544,0.9036904811859131,65291.017448488485,1986.1379279948621,25.043122625350954,34.3973520231247,1.3758940809249878,29.115370477113036,78.93856827439207,24
p25_d1_s51,25,1,51,frozen,60.93080326318741,21.530225478717085,21.326288114947133,95.5,-10.0,80.0,90.0,111705.56239668341,4.787743091583252e-06,52712.27660533291,3813.4254920945596,76.75800813436508,79.18596982463983,3.167438792985593,26.71947153621756,74.05805496357898,24
p25_d2_s42,25,2,42,frozen,68.73598590691884,11.02798579582375,9.64939909144233,51.43921585083008,58.30663070678711,90.0,90.0,127705.04248321147,2.3365020751953127e-06,71615.00682442742,414.95413920849825,47.94534149169922,44.36789028391031,0.8873578056782062,68.47565838683684,83.34953365532002,24
p25_d2_s43,25,2,43,frozen,59.3757574280103,22.347132236807013,21.962022070465697,95.81287231445313,-10.0,80.0,84.63605499267578,113921.07819273634,1.9729137420654298e-06,52622.69328009902,3186.0159652421544,88.77084243297577,81.07371829067304,1.621474365813461,33.47888437475385,75.95512904474336,24
p25_d2_s44,25,2,44,frozen,60.548991642395656,25.368536269554557,25.231513024336643,106.5,-10.0,80.0,90.0,114349.74090137752,3.248453140258789e-06,54016.595983323175,3085.204243827556,71.92338094711303,65.94812587488232,1.3189625174976465,26.57907957917106,75.76957560710706,24
p25_d2_s45,25,2,45,frozen,62.96928015947342,22.140897174740665,21.783718409630108,106.99982490539551,-10.0,80.0,90.0,114259.94359716777,1.0848045349121093e-06,57746.55998829419,1943.0584467166707,96.99128942489624,90.08487477785467,1.8016974955570932,48.48128078905749,73.7673266439552,24
p25_d2_s46,25,2,46,frozen,63.652945379416145,17.655628974019923,16.79408498469304,81.23153285980224,29.0051061630249,80.0,82.76306915283203,121309.76051540181,4.243850708007813e-06,63855.69717086824,743.8635003258926,79.1885887145996,72.07036522448062,1.4414073044896125,50.458262742031295,65.76325929659487,24
p25_d2_s47,25,2,47,frozen,65.10294878880183,19.296225256680383,19.05670500309772,96.4106409072876,23.478067779541018,90.0,90.0,119059.20204054355,2.723135828971863,64283.45530978408,2173.4516226101414,115.64553899765015,109.74044229492335,2.194808845898467,53.55557094693902,76.2427626144428,24
p25_d2_s48,25,2,48,frozen,63.61355405648549,15.127358968683316,14.444963141061146,58.74627561569214,38.06178951263428,80.0,80.0,120972.07121935576,4.589557647705078e-06,62538.880354708395,2440.6628852142157,126.45605669021606,120.93844018459319,2.4187688036918638,43.74380110712612,65.92057467992808,24
p25_d2_s49,25,2,49,frozen,61.138882350921634,24.303638850573225,23.941367441815803,91.99993715286254,-10.0,80.0,90.0,115847.14867641086,1.5616416931152343e-06,58703.9658031265,1802.4427328277554,79.38538932800293,69.40775200087049,1.3881550400174099,30.485253660604798,60.83652534063969,24
p25_d2_s50,25,2,50,frozen,64.54315818945567,21.22698469613119,20.038458355110897,94.46657600402833,-10.0,80.0,90.0,121954.82108430301,1.0048515319824218,65322.35847599468,1524.9604187141551,47.2472681760788,46.329053497314455,0.9265810699462891,43.509155135623296,77.28733633051932,24
p25_d2_s51,25,2,51,frozen,60.57591917514801,21.886781848405636,21.693798429027517,98.0,-10.0,79.99716339111328,90.0,111237.58845816206,3.306567668914795e-06,52052.80326481237,3416.3850469077197,104.88645853996277,95.68073037824998,1.9136146075649996,32.02467061782929,70.81195249175059,24
p25_d4_s42,25,4,42,frozen,68.89772407213847,10.77639218236545,9.245252653747809,48.32532730102539,59.280089950561525,80.0,90.0,127833.33715507426,1.817941665649414e-06,71361.50004204432,888.2535895053632,50.80865745544433,48.124834184764,0.48124834184764,61.947120231766135,83.85906507684282,24
p25_d4_s43,25,4,43,frozen,59.6222070535024,22.07735005437079,21.666091245270437,95.81287231445313,-10.0,80.0,84.63605499267578,114200.99867986303,1.1742115020751953e-06,52009.77813498202,4044.113795138984,100.16841926574708,92.54861988855069,0.9254861988855069,28.443311030796806,74.4823132757559,24
p25_d4_s44,25,4,44,frozen,60.49562756816546,24.937358340478468,24.800270095392627,105.5,-10.0,80.0,90.0,113582.33171721981,4.76837158203125e-07,53167.42312885559,3154.800064592471,57.89573707580566,54.540328320541754,0.5454032832054175,16.096786529683424,74.93052409332837,24
p25_d4_s45,25,4,45,frozen,63.16897637844086,21.837877412294823,21.46177794623147,106.49994888305665,-10.0,80.0,90.0,113891.02172653412,4.589557647705078e-07,56904.40198411003,2268.5388472477016,86.29450073242188,79.93892991467257,0.7993892991467257,43.21193789351353,75.0259161568793,24
p25_d4_s46,25,4,46,frozen,63.07725737094879,18.471133394300047,17.50844597541009,81.228000831604,21.973610496520998,79.99858169555664,82.76306915283203,119414.00325343784,1.5795230865478516e-06,62359.437610081266,690.9511438769159,79.42663650512695,70.1911463415454,0.7019114634154541,50.271871522567444,66.73030793571732,24
p25_d4_s47,25,4,47,frozen,64.33541323741277,20.922494644266276,20.45678914528494,98.28398523330688,-10.0,80.49999999999955,90.0,118889.06921203414,2.7231356477737423,65380.472961355736,573.4356374489669,135.88985137939454,112.33229751284674,1.1233229751284675,55.91064487536206,72.7406546559198,24
p25_d4_s48,25,4,48,frozen,60.5680316289266,18.00429657303297,17.57753457612323,73.57508401870727,12.044717502593995,80.0,80.0,111866.12829644121,1.8700957298278809e-06,54988.58245951694,884.442659815609,94.49242525100708,89.60128609566195,0.8960128609566195,41.226056008870216,53.3473668059217,24
p25_d4_s49,25,4,49,frozen,59.18542697032293,24.890052226283423,24.507284333798257,91.99993715286254,-10.0,80.0,90.0,110437.23862959389,1.245737075805664e-06,53654.089371110174,1246.7737391846117,104.38538932800293,93.12483423827392,0.9312483423827392,37.344277655754496,55.2481058735568,24
p25_d4_s50,25,4,50,frozen,64.95706910292307,20.845185141575787,19.457443039584717,92.41141738891602,-10.0,80.0,90.0,122267.98406426345,0.9036883473396301,65502.95746494717,2503.565947432412,67.00516338348389,72.70045232190206,0.7270045232190206,49.03032018235148,79.62605977145242,24
p25_d4_s51,25,4,51,frozen,60.24926971197128,21.401998483488143,21.180265318070965,94.5,-10.0,75.99993286132812,90.0,110434.80192938547,3.3974647521972657e-07,51591.66558911106,3513.9183113957943,104.67117487192154,96.43095321655274,0.9643095321655274,31.99428265447024,71.16799364838705,24
p25_d8_s42,25,8,42,frozen,68.58334942658742,10.432539572799353,8.803131323214108,48.32532730102539,59.280089950561525,80.0,90.0,126864.30460166647,1.7762184143066407e-06,70050.55531207529,929.5385590325393,100.80865745544433,95.558999218034,0.47779499609017,63.59740714930257,76.8185921940428,24
p25_d8_s43,25,8,43,frozen,59.74754820267359,22.650250939339724,22.223437912725725,95.9075068473816,-10.0,80.0,84.63605499267578,114887.15611439962,0.0,53788.514056873646,3034.411574470844,77.99048805236816,74.66106071472169,0.3733053035736084,27.415809194624817,69.28087900699093,24
p25_d8_s44,25,8,44,frozen,58.57683416008949,25.929365497786456,25.825547654885998,105.49999542236328,-10.0,80.0,90.0,107684.72514125906,0.0,48054.14561947984,1913.087120656146,82.69893646240234,72.3789276123047,0.36189463806152344,28.973946076296524,59.536688210786416,24
p25_d8_s45,25,8,45,frozen,62.6218599498272,23.067824563278524,22.68759132395434,108.49998550415039,-10.0,90.0,90.0,114139.44539208562,9.5367431640625e-08,57435.12187612605,2444.451952505356,109.88021621704101,114.17441720962525,0.5708720860481262,48.96197764570971,68.53027879497901,24
p25_d8_s46,25,8,46,frozen,63.183603250980376,18.238624171514417,17.44562784928639,82.96325368881226,26.777744483947753,79.99967956542969,82.76306915283203,118983.14527035088,1.52587890625e-06,61936.09406312674,946.8062903183876,103.85602684020996,95.04545050500137,0.47522725252500686,52.730986689800496,67.58068929293009,24
p25_d8_s47,25,8,47,frozen,65.43261605501175,18.60768940210897,18.42323703720389,93.9106409072876,31.43278512954712,80.0,90.0,120128.70577259004,0.1607691764831543,65408.93886811451,2360.7661341231715,104.10898580551148,97.12749891281128,0.48563749456405636,51.60965300828815,79.62518188111518,24
p25_d8_s48,25,8,48,frozen,61.729628463586174,15.977821741002874,15.434630008972238,62.86845502853394,28.11276626586914,79.98154144287109,80.0,114577.58565797118,2.0802021026611327e-06,56558.86264011846,1833.3777052965052,119.39240112304688,112.32149084388365,0.5616074542194183,43.257302724399416,62.303045402020096,24
p25_d8_s49,25,8,49,frozen,58.75881366729736,24.98422987122783,24.400920040400088,91.99993715286254,-10.0,80.0,90.0,108666.69099275689,1.3828277587890625e-06,51440.252441612625,2190.041554742029,99.99100408554077,97.00909805653792,0.4850454902826896,36.596616609227006,60.29716916059913,24
p25_d8_s50,25,8,50,frozen,64.58332185745239,21.189486166858746,19.8484977017763,93.08315601348878,-10.0,80.0,90.0,120554.4323477621,1.0048492431640625,64250.103931119644,711.7417628625644,137.4869990348816,119.6210686200773,0.5981053431003864,57.557650857767236,72.1041079994733,24
p25_d8_s51,25,8,51,frozen,60.940921715895335,21.465132568982423,21.26208449408455,94.49998321533204,-10.0,79.99096450805663,90.0,111660.11731426667,0.0,52825.96886741095,3248.75171739057,125.09821338653565,107.87851409912109,0.5393925704956054,37.47478499854399,73.57146540283718,24
p50_d1_s42,50,1,42,frozen,68.90528932412465,11.261700966286249,9.960227676820583,52.93921585083008,58.30663070678711,90.0,90.0,128213.98115347719,3.969669342041015e-06,70933.20864690398,2009.5857277953605,0.5706096649169922,24.23063168048859,0.4846126336097718,-10.0,82.70026376405984,24
p50_d1_s43,50,1,43,frozen,59.317373446623485,22.434752082767854,22.0573334181001,95.81287231445313,-10.0,79.99987869262695,84.63605499267578,113710.27593500967,1.811981201171875e-06,51385.76488953827,3816.92796937713,86.80019600987434,68.06263441074887,1.3612526882149774,18.08791028278018,79.14712931653334,24
p50_d1_s44,50,1,44,frozen,60.184027030070624,25.134527857008177,24.98892299262426,105.5,-10.0,80.0,90.0,113087.79690376352,2.86102294921875e-06,51298.10314014649,3963.186051397698,73.30870304107665,55.92029129817449,1.1184058259634897,-1.053699308301393,69.49070957070816,24
p50_d1_s45,50,1,45,frozen,62.182091856002806,22.775776774359702,22.55748179413363,108.5,-10.0,90.0,90.0,111502.28645099657,1.850724220275879e-06,55631.879629145624,1294.747695636151,91.83707733154297,83.2968573526177,1.665937147052354,50.080368645504606,70.75876054692851,24
p50_d1_s46,50,1,46,frozen,62.880368091662724,18.064979725367834,17.22704187889654,81.42091464996338,29.50511541366577,80.0,82.76306915283203,118497.94324518656,5.364418029785156e-07,61116.44183814875,1876.693752866605,54.18858871459961,63.5832118028318,1.271664236056636,40.47303502670365,64.00856903203768,24
p50_d1_s47,50,1,47,frozen,64.80281903694073,19.81304176947774,19.41039377612484,95.24141120910645,1.7196333885192872,80.0,90.0,119209.54757037899,2.6223878800868987,65259.81504476195,1269.8242501192985,146.7315710067749,134.3347334676897,2.686694669353794,54.19315092406172,68.64695514680226,24
p50_d1_s48,50,1,48,frozen,62.762868038813274,17.34950545695654,16.456904029284754,68.88135280609131,37.90606498718262,80.0,80.0,119934.47530475073,4.38392162322998e-06,61473.742532541044,2916.634913123965,104.86825137138366,118.09850923446693,2.361970184689339,38.26472602029902,58.67465952783994,24
p50_d1_s49,50,1,49,frozen,61.91656111081441,25.042112280863023,24.547080330045766,91.99993715286254,-10.0,80.0,90.0,118098.57472449774,7.271766662597656e-07,58557.64268849604,4861.552240127267,94.18664379119873,93.125332304978,1.86250664609956,15.846749269599595,68.23174974584037,24
p50_d1_s50,50,1,50,frozen,64.42050817012787,20.813771671168197,19.35120335271896,88.05565128326415,-10.0,80.0,88.41431427001953,121122.90044447372,0.9036898970603943,64657.427654627456,1044.872797315457,52.066654884815215,48.5933039592941,0.971866079185882,45.24387595352017,69.98021939581201,24
p50_d1_s51,50,1,51,frozen,58.64858562747637,22.617361377588843,22.41004326005981,91.0,-10.0,79.99591217041015,90.0,107657.1775343962,4.599988460540771e-06,46559.558715679304,5289.774804139185,144.82000263929368,153.7665228910639,3.075330457821278,30.002717478681564,62.65842686326203,24
p50_d2_s42,50,2,42,frozen,68.52630590597788,10.507121933226598,8.860692662927928,46.43921585083008,58.30663070678711,80.0,90.0,127015.46650849257,6.079673767089843e-07,71129.3476260709,391.6478586211423,59.07142295837402,55.598445984259385,0.5559844598425938,69.73347435555497,81.13362409287754,24
p50_d2_s43,50,2,43,frozen,59.293939061959584,22.416431013670508,22.0396926917416,95.6115737915039,-10.0,79.9997714996338,84.63605499267578,113739.07047662065,6.407499313354492e-07,50151.550488401626,5070.890054098168,80.15501489639283,76.0717930094708,0.760717930094708,10.397526123324878,77.61489090527722,24
p50_d2_s44,50,2,44,frozen,60.867215899626416,25.216607547001992,25.085471269010313,105.49801597595214,-10.0,79.99992370605469,90.0,114405.82365898415,1.8656253814697266e-06,51726.15478397112,5496.120558743749,71.16811962127686,67.94646488441542,0.6794646488441543,-3.237207115612555,77.49828669465869,24
p50_d2_s45,50,2,45,frozen,62.87884376049042,21.52618310608877,21.157370371770586,102.0,-10.0,80.0,90.0,113371.96107832878,2.428889274597168e-07,57099.105668154414,2073.43991634736,61.294500732421874,57.56209332359921,0.5756209332359921,39.21908431384205,77.78303133238293,24
p50_d2_s46,50,2,46,frozen,62.509043769041696,18.707487515418048,17.756793039682325,82.91963195800781,25.40578031539917,80.0,82.76306915283203,118671.03544134957,1.506507396697998e-06,62236.50209131775,-18.727719997141683,131.31377029418945,118.20215079210698,1.1820215079210699,56.7949868833784,62.936554805609106,24
p50_d2_s47,50,2,47,frozen,64.5731969560186,20.400482159559786,20.221033796523503,96.01498705148697,-0.08216783404350263,80.0,90.0,119485.28553666007,1.7336209058761596,67762.4942575187,-366.3196166644656,190.44000539779663,157.98463230651856,1.5798463230651856,57.58511998432142,67.09634215191386,24
p50_d2_s48,50,2,48,frozen,62.74807864030202,16.284167618810187,15.645514751666047,61.83076009750366,37.199585151672366,79.99907722473145,80.0,119510.9332516841,1.9609928131103515e-06,62478.86089616836,1128.069329273198,105.45050263404846,93.81618591187699,0.9381618591187698,39.250644134552225,56.142438863580935,24
p50_d2_s49,50,2,49,frozen,61.01569199562073,25.065424414081097,24.52787392273448,91.99993715286254,-10.0,80.0,90.0,116238.03785508971,1.2874603271484376e-06,55968.11184118219,4783.953226003906,96.83995876312255,95.08848178623421,0.9508848178623421,15.1385750026078,65.72796292025434,24
p50_d2_s50,50,2,50,frozen,65.1719954808553,20.7411192425821,19.389874410936407,96.40433025360107,-10.0,80.40608367919884,90.0,122316.7349394641,0.9036872386932373,65888.90305982434,1242.8745287700208,56.60846710205078,50.08848243906672,0.5008848243906673,40.42941736182382,70.50566716106935,24
p50_d2_s51,50,2,51,frozen,58.25298816760381,22.877351672805386,22.486064442593722,90.0,-10.0,75.99993286132812,80.0,105924.99581874794,1.7404556274414062e-06,46312.61129800235,3198.2025632236137,155.48191394209863,138.88157853406906,1.3888157853406906,31.647540133648604,58.45860020068139,24
p50_d4_s42,50,4,42,frozen,67.85870202382405,11.225640186981373,9.581619364928434,51.49360284805298,58.01472053527832,80.0,90.0,125423.30944005589,2.133846282958984e-06,70011.24086972464,-192.3445804945306,98.53222904205322,95.04545053660027,0.47522725268300137,69.84021422000363,70.37861744682932,24
p50_d4_s43,50,4,43,frozen,59.337894986073174,22.110066304725503,21.6364955994783,91.95944862365722,-10.0,79.99800910949708,84.63605499267578,113294.1891640207,1.418590545654297e-06,49441.39947984768,5950.579270708461,101.08786869049072,97.34552623151045,0.48672763115755224,13.76307662556856,75.4206139473779,24
p50_d4_s44,50,4,44,frozen,60.261205571889874,25.342297462751972,25.164570980482388,100.0,-10.0,80.0,80.0,113474.96247395742,1.3113021850585939e-07,50975.824101191254,5060.111098603532,106.07561206817627,101.79737294401903,0.5089868647200951,18.140556306828834,68.61062825215053,24
p50_d4_s45,50,4,45,frozen,62.766850956281026,21.72454633348029,21.366773059036632,99.49999504089355,-10.0,79.99999237060547,80.0,113406.45740680196,0.0,56375.32832004006,3864.7925002865595,14.715679168701172,48.97408218383789,0.24487041091918946,3.60994803281914,79.9997705448817,24
p50_d4_s46,50,4,46,frozen,63.8229762673378,17.57472577440273,16.607397335927974,81.1388807296753,30.563813972473145,79.99445037841797,82.76306915283203,120786.61682364505,1.8306076526641845e-06,63699.08928581162,922.6736432495418,103.61797904968262,94.8683299832046,0.474341649916023,53.91301243760246,68.61121132486115,24
p50_d4_s47,50,4,47,frozen,66.30733962853749,18.24648783321288,18.046611078388924,97.24141120910645,45.052422523498535,90.0,90.0,121657.29840629168,2.62238849401474,67420.69617421919,1246.2932997382097,143.84786233901977,116.39395418848774,0.5819697709424387,55.794836747924116,79.66273987449752,24
p50_d4_s48,50,4,48,frozen,63.695553872982664,15.119544185664463,14.43337373383073,57.701275968551634,38.110860443115236,79.99469337463378,79.99852752685547,121048.61849860547,1.9073486328125e-07,63278.97885415288,2311.379860691548,100.04124717712402,94.86832980421636,0.4743416490210818,40.71238726311646,67.2964083085189,24
p50_d4_s49,50,4,49,frozen,61.51027884880702,25.160048200652415,24.594238530714268,91.99993715286254,-10.0,80.0,90.0,117004.73855944086,1.8805265426635743e-06,56476.95549479963,5035.297356576211,144.4613275527954,140.3818786579202,0.701909393289601,34.54076863072336,71.41308225467928,24
p50_d4_s50,50,4,50,frozen,64.74542071024577,20.330910695494698,18.880767607239484,88.05565128326415,-10.0,80.0,88.41431427001953,121549.7703125728,1.004847526550293,65354.74369403957,1530.085443496704,79.3482801437378,74.3626724243164,0.371813362121582,49.55103145676439,73.44914311004764,24
p50_d4_s51,50,4,51,frozen,59.71672625541687,21.438960192264076,21.208732851470298,90.0,-10.0,75.99993286132812,80.0,108464.40134100392,1.4543533325195312e-06,47853.34919891656,4895.761052060561,100.94761981964112,96.72742420583542,0.4836371210291771,20.03274766274898,71.52076367030143,24
p50_d8_s42,50,8,42,frozen,68.00707484881083,11.550940206039716,10.008334887681833,56.59829902648926,59.14606056213379,80.0,90.0,125938.82284520834,0.0,69553.52558995104,260.09633610600724,101.97996826171875,97.93072738647462,0.24482681846618654,64.47161398490755,69.7933086629217,24
p50_d8_s43,50,8,43,frozen,59.41283258597056,21.803235265728038,21.398838165931164,91.72764587402344,-10.0,80.0,84.55291748046875,113357.962146734,0.0,49324.19044140129,5883.305960360487,98.90603809356689,94.8969352722168,0.237242338180542,14.28728130162345,76.88767111500752,24
p50_d8_s44,50,8,44,frozen,60.76092214385668,24.896140251303795,24.77104539209456,100.0,-10.0,80.0,80.0,114040.97839953094,0.0,52105.54939580673,4426.943859109029,57.68683300018311,44.269662094116214,0.11067415523529053,-15.353177154509636,79.99310419505704,24
p50_d8_s45,50,8,45,frozen,62.509698963165285,21.415888380505816,21.050112388942118,99.49993438720703,-10.0,79.99987106323242,80.0,112860.11828447222,0.0,55676.897972071194,3419.6290224039417,61.294500732421874,80.97947673797607,0.2024486918449402,41.74318929561401,73.82434673665928,24
p50_d8_s46,50,8,46,frozen,63.3296685775121,17.582200106240713,16.69863316898864,81.1421323776245,32.206983184814455,79.99416542053223,82.76306915283203,119998.21784800493,0.0,63209.69714510466,986.361346783003,71.1744228363037,66.44703178405761,0.16611757946014405,47.29846557777128,65.5078521711786,24
p50_d8_s47,50,8,47,frozen,66.39068378607432,18.194590187149522,17.9887122305421,97.24141120910645,45.052422523498535,80.0,90.0,121196.20121899163,17.994605541229248,65907.65243098579,1801.320558959988,132.6009536743164,114.58434677124023,0.2864608669281006,55.54468876500105,79.99870417765437,24
p50_d8_s48,50,8,48,frozen,63.50551990667979,15.226630471624967,14.407763838862115,58.809848594665525,38.110860443115236,79.99617614746094,80.0,119944.68058326666,0.0,61779.95000326486,1607.3462606963876,102.18183059692383,79.85004196166992,0.1996251049041748,37.97719781480673,68.72790194636568,24
p50_d8_s49,50,8,49,frozen,62.53270530303319,24.846764956909816,24.361113015769565,91.99993715286254,-10.0,80.0,90.0,119538.97628404092,0.0,60853.886930158886,2261.904567562327,151.87726335525514,96.77250785827637,0.24193126964569092,36.08015122877955,79.99853852057647,24
p50_d8_s50,50,8,50,frozen,64.17549868424733,20.975491414427648,19.767871943650892,90.79109764099121,-10.0,80.0,88.41431427001953,121200.69020511032,1.004847526550293,66792.74672551984,669.3505325317383,73.16934852600097,74.3626724243164,0.185906681060791,65.49906665773348,73.44914311004764,24
p50_d8_s51,50,8,51,frozen,59.70804001092911,21.09104459132866,20.890763317740042,90.0,-10.0,75.99993286132812,80.0,108585.39864839544,0.0,48548.31229172052,4209.919284855603,98.76578922271729,86.8262399673462,0.2170655999183655,20.696199737358704,72.02886809539199,24
p5_d1_s42,5,1,42,frozen,69.13445599079132,11.510146264030896,10.272818415959533,52.93921585083008,58.30663070678711,90.0,90.0,128895.35531424379,0.0,72619.60119150972,231.31397381852972,4.75,6.646708245126286,1.3293416490252572,70.0,84.82604516783893,24
p5_d1_s43,5,1,43,frozen,59.20217193365097,22.823667005572826,22.457690438185615,98.31287231445313,-10.0,80.0,84.63605499267578,113609.78230263754,0.11256084442138672,54921.083404788085,775.7589840082575,11.53585181236267,12.405371409219743,2.4810742818439486,9.016254283823695,70.91840528653404,24
p5_d1_s44,5,1,44,frozen,61.0741178492705,25.64785674976597,25.5182340624987,112.5,-10.0,80.0,90.0,115201.08041978593,3.6969780921936034e-06,57170.809862590235,721.4701637510265,10.474778945744038,11.799009289590398,2.3598018579180797,13.838800753345096,73.43231293841879,24
p5_d1_s45,5,1,45,frozen,63.54627505143483,22.48263917641334,22.138465636135823,109.5,-10.0,90.0,90.0,115150.89643345753,8.07642936706543e-07,59789.967959731934,803.3197499249061,18.63673152625561,19.144766638336037,3.8289533276672074,32.610566929117205,73.70547561944565,24
p5_d1_s46,5,1,46,frozen,63.96226491133372,17.470364945352383,16.71133429840626,81.49197807312012,43.02818851470947,80.0,82.76306915283203,121588.62681730057,5.006790161132813e-07,65314.42777509068,497.2778665101849,12.713278031349182,13.813658473638574,2.762731694727715,36.21966693696037,69.33344734925626,24
p5_d1_s47,5,1,47,frozen,66.4715697924296,19.8923192168059,19.694152479868546,98.4106409072876,31.43278512954712,90.0,90.0,122331.82486312589,14.396221309900284,67475.42609396085,843.1406290985218,19.03945198059082,19.470092576591053,3.8940185153182107,37.737168849351406,80.20689358029834,24
p5_d1_s48,5,1,48,frozen,63.57988193829854,15.439262671863256,14.752274932097063,59.52569131851196,33.94996223449707,80.0,80.0,120618.41332631449,2.8312206268310547e-06,64073.238016528034,640.8082003495887,20.70508017539978,21.006280377214214,4.201256075442843,39.819107670055246,69.75371131199184,24
p5_d1_s49,5,1,49,frozen,62.47885931730271,24.831953832714944,24.342382064573282,91.99993715286254,-10.0,80.0,90.0,119418.88755167578,2.8461217880249026e-07,63685.65128208266,834.5316784659565,11.889941491186619,13.072655451201992,2.6145310902403986,8.949185499561127,71.97749332275086,24
p5_d1_s50,5,1,50,frozen,64.48944512605667,21.586145070214155,20.473217510358047,99.29836740493775,-10.0,80.40608367919884,90.0,121649.1068436045,0.903689980506897,65939.31309922483,655.2514505071756,8.55432357788086,10.070599433188697,2.014119886637739,12.640580647293161,75.80314087963946,24
p5_d1_s51,5,1,51,frozen,60.686695194244386,22.027007509405998,21.823291435875085,100.0,-10.0,80.0,90.0,111426.36654225267,9.700655937194823e-07,55993.66204544665,905.528396026617,14.85489694327116,15.74111549002853,3.148223098005706,18.56721408508989,75.04820408265354,24
p5_d2_s42,5,2,42,frozen,69.19695599079132,11.541782954575757,10.311861872948516,52.93921585083008,58.30663070678711,90.0,90.0,129046.0087566266,2.1979212760925293e-07,72827.7325392868,153.4365809277017,10.243663553148508,9.46271368650298,0.9462713686502979,67.65561164244797,89.45403317895781,24
p5_d2_s43,5,2,43,frozen,59.26258082787196,22.756703148358998,22.390005070448773,98.31287231445313,-10.0,80.0,84.63605499267578,113678.36800633492,4.023313522338867e-07,54855.50376494178,933.333966506539,20.826421198248863,19.08859215643707,1.908859215643707,23.606900234246854,74.650932991382,24
p5_d2_s44,5,2,44,frozen,61.179244913657506,25.658370396633646,25.52241196029629,112.5,-10.0,80.0,90.0,115443.20592020245,7.748603820800781e-07,57098.29746205781,936.4166240993097,18.562435960769655,16.912486415501196,1.6912486415501196,21.877414293093537,79.38009189894153,24
p5_d2_s45,5,2,45,frozen,63.50460838476817,22.45208641707873,22.106771737030083,109.5,-10.0,90.0,90.0,115099.56204090992,6.616115570068359e-07,59799.48292199551,701.377843400938,25.07909505367279,22.814602074263796,2.2814602074263797,37.424566715889064,71.88168805544063,24
p5_d2_s46,5,2,46,frozen,64.02476491133372,17.50969622694468,16.750484749335037,81.49197807312012,43.02818851470947,80.0,82.76306915283203,121739.28025968338,3.933906555175781e-07,65457.93923030586,390.78510360088,17.196073532104492,15.719882672126847,1.5719882672126846,42.89721663166289,71.7848102723082,24
p5_d2_s47,5,2,47,frozen,66.40983118216197,19.81546687425538,19.616007319615917,98.4106409072876,31.43278512954712,90.0,90.0,122149.34892070419,14.396221309900284,67342.111449492,794.5175418522982,24.03945198059082,22.841800816948968,2.2841800816948967,42.863386522967154,79.89430774400874,24
p5_d2_s48,5,2,48,frozen,63.27056632041931,15.501269020492634,14.91772587867678,60.13002157211304,33.91198921203613,80.0,80.0,119843.49861970513,2.86102294921875e-07,63289.67531246304,675.8075919201644,26.358195877075197,25.505610671725055,2.5505610671725054,40.497729999595386,68.34789075483447,24
p5_d2_s49,5,2,49,frozen,62.47885931730271,24.831953832714944,24.342382064573282,91.99993715286254,-10.0,80.0,90.0,119418.88755167578,8.344650268554687e-08,63598.13826369974,728.3078311498342,14.146993255615234,10.999244241412239,1.0999244241412238,6.796070983345009,74.95531360344114,24
p5_d2_s50,5,2,50,frozen,64.12638830343882,21.68614552652688,20.669530510825275,99.22873821258545,-10.0,80.40608367919884,90.0,120744.55828159393,1.0048478841781616,64976.68953089662,795.740411768282,9.188240432739258,11.349244240011952,1.1349244240011953,11.054561094817698,79.06362379817173,24
p5_d2_s51,5,2,51,frozen,60.76937616268794,21.987057924885352,21.790922275063252,100.0,-10.0,80.0,90.0,111529.482465642,6.765127182006836e-07,56044.05555665309,898.7153912501187,20.07126720547676,18.418090606984947,1.8418090606984947,25.7808178968542,76.89011343534945,24
p5_d4_s42,5,4,42,frozen,69.19695599079132,11.541782954575757,10.311861872948516,52.93921585083008,58.30663070678711,90.0,90.0,129046.0087566266,4.0903687477111815e-07,72678.0441692911,312.91074185093265,10.535806274414062,10.157587226480246,0.5078793613240122,55.55062605889286,88.4246776723057,24
p5_d4_s43,5,4,43,frozen,59.3245929757754,22.7331886669221,22.372527773490372,98.31287231445313,-10.0,80.0,84.63605499267578,113755.75556383104,1.9073486328125e-07,54749.94644976778,1100.8297661540266,22.188967514038087,20.41978136442391,1.0209890682211955,21.543218899353786,77.31970887848644,24
p5_d4_s44,5,4,44,frozen,61.219981827338536,25.441493597448943,25.324190981965877,112.5,-10.0,80.0,90.0,115373.22928434466,2.682209014892578e-07,56990.18179133618,1002.164577105795,19.65799789428711,18.179031157550664,0.9089515578775332,21.014579939065506,77.85173659870429,24
p5_d4_s45,5,4,45,frozen,62.95467548370361,22.72626524807661,22.371830142434582,109.5,-10.0,90.0,90.0,113789.93760725686,3.8892030715942385e-07,58303.08699570001,820.2105601357946,20.196078491210937,18.6261812155213,0.931309060776065,29.30016535703575,75.8050715363681,24
p5_d4_s46,5,4,46,frozen,64.02476491133372,17.50969622694468,16.750484749335037,81.49197807312012,43.02818851470947,80.0,82.76306915283203,121739.28025968338,5.245208740234375e-07,65273.3928795806,674.9064264321327,17.790537916496397,18.984728583376857,0.9492364291688429,40.79819069032341,73.78183884384144,24
p5_d4_s47,5,4,47,frozen,66.38899784882864,19.795901167906568,19.59694215060308,98.4106409072876,31.43278512954712,90.0,90.0,122098.82486140853,14.396221309900284,67304.94065786603,823.0928308367729,24.03945198059082,22.585217422246934,1.1292608711123466,42.863386522967154,82.06718218507838,24
p5_d4_s48,5,4,48,frozen,63.30872220595678,15.510768414923199,14.912520927163564,60.2268253326416,33.91198921203613,80.0,80.0,119818.3009056842,2.86102294921875e-07,63207.1290481912,732.8075133427026,26.443685150146486,25.249027242509403,1.26245136212547,40.51689247662172,71.45714739533511,24
p5_d4_s49,5,4,49,frozen,62.52533866961797,24.854255778217112,24.368569122268607,91.99993715286254,-10.0,80.0,90.0,119533.38406433137,2.384185791015625e-08,63472.6599332354,1112.7027242128943,14.146993255615234,15.742660840957935,0.7871330420478968,6.796070983345009,76.78795260797861,24
p5_d4_s50,5,4,50,frozen,64.10211272239685,21.64084144528635,20.61257861166434,99.22873821258545,-10.0,80.40608367919884,90.0,120667.98751906562,1.0048477172851562,64830.206463237715,867.3258045254988,14.175215578079223,15.926147790787917,0.7963073895393958,27.391327697536862,78.83913901227069,24
p5_d4_s51,5,4,51,frozen,60.64359250466029,21.904710371565766,21.694947640244852,100.0,-10.0,80.0,90.0,111315.53174602384,5.960464477539063e-08,55594.726994703306,1039.6668550441627,26.365480887889863,23.89217972755432,1.194608986377716,28.784263442439862,75.2789332416388,24
p5_d8_s42,5,8,42,frozen,68.90668971935908,11.72967947994684,10.562610262792266,55.70204210281372,58.11529197692871,90.0,90.0,128302.26299572359,4.76837158203125e-07,71848.53949981586,277.7323026034354,20.041247177124024,18.973665961010276,0.4743416490252569,62.614399677392626,80.77526855035296,24
p5_d8_s43,5,8,43,frozen,59.354524381955464,22.631581173443955,22.33566662349214,98.31287231445313,-10.0,80.0,84.63605499267578,113612.4184682497,8.106231689453125e-07,54295.82086587486,1083.639283686844,42.070055389404295,37.56943097114563,0.9392357742786407,39.9450032886273,73.57385281380115,24
p5_d8_s44,5,8,44,frozen,61.0741484940052,25.361962801425655,25.245186422221927,112.5,-10.0,80.0,90.0,115015.89146238421,2.7418136596679685e-07,56446.9370350173,989.9178283033995,29.407274627685545,24.8969575047493,0.6224239376187325,32.91487349887649,78.63830559404349,24
p5_d8_s45,5,8,45,frozen,63.25460838476817,22.26625223678999,21.91071379373647,109.5,-10.0,90.0,90.0,114781.83262883106,9.5367431640625e-08,59055.31540165246,1107.17114968651,25.196078491210937,25.0,0.625,33.45079475790215,78.0,24
p5_d8_s46,5,8,46,frozen,63.70126557747523,17.570889896007806,16.881819592530512,82.29395656585693,43.00798778533935,80.0,82.76306915283203,120941.51461427202,5.483627319335937e-07,64394.17691694117,793.395701975942,22.70729454755783,24.396642415506662,0.6099160603876665,44.70956893899943,74.1343428396757,24
p5_d8_s47,5,8,47,frozen,66.40391750335694,19.79492929716343,19.596417946260804,98.4106409072876,31.43278512954712,90.0,90.0,122115.2428802208,14.396221309900284,67219.17840457593,864.4315691448762,24.03945198059082,22.572050287706674,0.5643012571926669,41.809590265990906,82.82416452397001,24
p5_d8_s48,5,8,48,frozen,63.229489556948344,15.438321949190536,14.834478342212146,60.161660766601564,33.91198921203613,80.0,80.0,119624.05260247485,1.346273347735405e-06,63014.89935870343,726.8061101639485,26.443685150146486,24.66271929640411,0.6165679824101027,40.51689247662172,72.91256233615155,24
p5_d8_s49,5,8,49,frozen,62.52762847344081,24.85394199375962,24.36830237338164,91.99993715286254,-10.0,80.0,90.0,119535.91930151696,1.3709068298339843e-07,63486.95831893109,883.9928277867526,24.146993255615236,20.23586013673049,0.5058965034182623,30.43343638421283,79.99999999817629,24
p5_d8_s50,5,8,50,frozen,64.0297649939855,21.700124922280075,20.68194432537456,99.22873821258545,-10.0,80.40608367919884,90.0,120505.16699653798,1.0048490750657493,64645.153463061186,911.2405804751261,23.751070022583008,25.412980690761277,0.6353245172690319,43.07551447334862,76.11583090265479,24
p5_d8_s51,5,8,51,frozen,60.98514557679494,21.635279586650743,21.422438974514662,100.0,-10.0,80.0,90.0,111635.30999208866,3.2782554626464844e-07,55738.83118862928,1125.8873191709831,31.28961524963379,29.097197228236865,0.7274299307059217,33.42695263144339,74.63962212377596,24
p75_d1_s42,75,1,42,frozen,68.78028932412465,10.948513109934932,9.520891171221184,52.93921585083008,58.30663070678711,80.0,90.0,127826.01933859682,1.8142163753509523e-07,70039.76236619055,2884.5626655240153,0.5706096649169922,36.0891723810565,0.4811889650807533,-10.0,79.77064529154957,24
p75_d1_s43,75,1,43,frozen,59.33669954538345,22.42682973085285,22.04912331388837,95.4077278137207,-10.0,79.99938430786133,84.63605499267578,113726.37812115108,1.1086463928222657e-06,50371.96208380108,4936.618342352015,78.57344675064087,69.26092044881527,0.9234789393175369,6.7346807623525,78.91586463472676,24
p75_d1_s44,75,1,44,frozen,60.72284923593203,25.202121073454407,25.081625165536888,110.0,-10.0,80.0,90.0,114492.4911451718,7.152557373046875e-07,51873.4306144966,4222.850090868047,74.78609867095948,56.08792354714687,0.747838980628625,-4.048152392176807,69.89213218664507,24
p75_d1_s45,75,1,45,frozen,62.412711087862654,21.521298165547226,21.160833928952304,99.5,-10.0,80.0,80.0,112928.11439420159,1.430511474609375e-07,57050.51692467913,1933.3427507880413,44.018907928466795,52.11904630831425,0.6949206174441901,44.78526569943327,74.91966017690572,24
p75_d1_s46,75,1,46,frozen,63.63658396800359,17.416838973687803,16.623563232043985,81.49197807312012,43.01986999511719,80.0,82.76306915283203,120727.72746337434,1.1026859283447266e-06,63610.64477833795,1185.436914388404,56.75429725646973,60.32471543681437,0.8043295391575249,56.48007593399654,72.7881416633219,24
p75_d1_s47,75,1,47,frozen,65.64377956787744,20.150342767881803,19.870010739282968,98.4106409072876,31.06097612380983,90.0,90.0,120514.74750781988,11.861942958831786,65786.11390108694,1656.1587130869204,91.59835929870606,87.77162863424962,1.170288381789995,59.37926515926077,80.8370778626453,24
p75_d1_s48,75,1,48,frozen,62.52049780686696,15.532219353106845,14.9354294911524,59.26634635925293,34.01627655029297,79.99562225341796,80.0,117276.19178691196,4.76837158203125e-07,60728.11873686723,574.7388222696424,39.288176727294925,35.5756238568416,0.4743416514245547,40.098108734716284,60.43802389303627,24
p75_d1_s49,75,1,49,frozen,60.763798063993455,26.056263125182852,25.684240806310687,91.99993715286254,-10.0,80.0,90.0,117623.01301318206,7.331371307373047e-07,58256.64821139888,3210.467935173202,109.51174468994141,94.59742547859386,1.2612990063812515,18.916470926437686,55.83707635784657,24
p75_d1_s50,75,1,50,frozen,64.8986946105957,20.394190238054044,18.951418473184226,88.05565128326415,-10.0,80.0,88.41431427001953,121921.40341869199,1.0048486948013295,64288.26866498764,2151.2251404204703,77.3824756860733,71.62920494289877,0.9550560659053169,44.082781547783796,77.6563123400658,24
p75_d1_s51,75,1,51,frozen,59.40203671852748,22.66035486609522,22.295921991036813,90.0,-10.0,79.9906608581543,80.0,107711.12351590073,9.5367431640625e-07,49595.215534299954,2443.3339303106045,122.28365573883056,109.34832828442795,1.4579777104590392,35.938992895515106,62.53488711193994,24
p75_d2_s42,75,2,42,frozen,68.40130560398102,10.308518603109583,8.579266634834498,43.43921585083008,58.30663070678711,80.0,90.0,126636.92576299064,1.1801719665527344e-06,70803.89527926914,597.589171917249,82.36196823120117,79.31552881559006,0.5287701921039337,69.76377088319683,79.97766323712699,24
p75_d2_s43,75,2,43,frozen,59.34095078706741,22.415112922107422,22.036604204943195,94.98214225769043,-10.0,79.99976425170898,84.63605499267578,113720.29435697633,7.033348083496094e-07,50739.16803910273,5159.394477028593,72.89796152114869,73.11489552770688,0.48743263685137916,10.59067008665148,81.1248199792719,24
p75_d2_s44,75,2,44,frozen,56.61007474263509,26.871287446106155,26.735968371215527,100.0,-10.0,79.99993171691895,80.0,106396.29563724168,3.337860107421875e-07,45693.72185803768,4366.669238907197,94.84327869415283,109.71500905309752,0.7314333936873167,14.310306364097164,52.170670749576665,24
p75_d2_s45,75,2,45,frozen,62.86951475143432,21.686558287758196,21.31090220947924,108.0,-10.0,80.0,90.0,112522.80530903854,1.8361955881118774e-06,56244.8596808502,1771.5859141452704,87.3833028793335,81.10205522019346,0.5406803681346231,43.95151542773931,69.19941157515497,24
p75_d2_s46,75,2,46,frozen,63.69825994173686,17.805081265705454,16.970886903106866,81.00147380828858,44.45842590332031,79.99624099731446,79.99868774414062,121022.17996893814,1.1622905731201172e-06,63347.62287053188,2207.271243855384,72.80917320251464,71.84191682685412,0.47894611217902744,41.437075092157066,72.71897315653261,24
p75_d2_s47,75,2,47,frozen,65.38665090799331,19.502054730948224,19.2484726410561,96.9106409072876,31.42173547744751,80.0,90.0,120019.5730653645,2.6223878800868987,65849.62929958929,1918.031693091941,139.96191024780273,137.76078559938435,0.918405237329229,63.07281452452442,78.00349897756216,24
p75_d2_s48,75,2,48,frozen,63.71895628770192,15.247918782730272,14.624460339901905,59.33488826751709,33.93568286895752,79.99820861816406,79.99998474121094,120766.49373849275,3.814697265625e-07,62377.744868515685,2006.774077329579,77.18183059692383,73.11489522661944,0.4874326348441296,40.44395297539774,70.14046028037775,24
p75_d2_s49,75,2,49,frozen,62.23930670022965,24.693434325128916,24.203238144778194,91.99993715286254,-10.0,80.0,90.0,118787.96239276926,1.3947486877441405e-06,57658.1332041225,5826.194613061902,120.56819763183594,112.8528804899436,0.752352536599624,22.15327959753944,75.2942731180756,24
p75_d2_s50,75,2,50,frozen,65.21343811353047,20.755654149267603,19.403861357426386,96.40433025360107,-10.0,80.40608367919884,90.0,122412.76941149155,1.0048489405991519,64949.48569795369,2063.892580261988,78.70548114776611,73.29201655297206,0.4886134436864804,43.03058209932769,74.36874443915129,24
p75_d2_s51,75,2,51,frozen,59.33962913751602,22.64017369636851,22.290309840259518,90.5,-10.0,79.99372444152831,90.0,107643.39471873334,2.47955322265625e-06,49820.43267577187,3161.688930480084,114.91390342712403,115.21757849046858,0.7681171899364572,37.535771274318904,64.87786866982422,24
p75_d4_s42,75,4,42,frozen,68.07492293516795,10.88139717123839,9.348301310049836,48.22357063293457,58.09772644042969,79.99996948242188,80.0,125847.70808327256,1.049041748046875e-06,69288.86587231857,1870.706039927747,125.24395275115967,142.30249475469003,0.4743416491823001,69.97035987878363,74.72863005599051,24
p75_d4_s43,75,4,43,frozen,59.53578406174977,21.85023418851584,21.445254092000756,91.5,-10.0,79.9992301940918,80.0,113687.50422811152,5.7220458984375e-07,49147.37057667334,6071.586458068048,115.10254459381103,100.4643798828125,0.33488126627604164,15.21656283572258,77.86890806031548,24
p75_d4_s44,75,4,44,frozen,60.75799083511035,24.89393734919999,24.76883971829556,100.0,-10.0,80.0,80.0,114035.7259462711,0.0,52910.652834632936,3693.727058514676,81.06361904144288,58.851766204833986,0.19617255401611328,12.319295285108444,79.73207978217529,24
p75_d4_s45,75,4,45,frozen,62.90129055182139,21.673238045021407,21.30762213865709,108.0,-10.0,80.0,90.0,112610.72336703022,7.62939453125e-07,56731.25547857969,1344.5824999443685,82.35090351104736,72.77296752929688,0.2425765584309896,44.288075443400416,68.59340352534409,24
p75_d4_s46,75,4,46,frozen,63.999465529123945,17.400970555513496,16.621870889934122,81.13982753753662,44.66784820556641,79.99585990905761,82.76306915283203,121656.89661404603,3.814697265625e-07,65003.213724627974,694.892715371387,89.02759704589843,63.36296005249024,0.21120986684163412,47.2173107637923,77.30914760900178,24
p75_d4_s47,75,4,47,frozen,66.05913880666097,17.625109293217122,17.4075278123966,87.24141120910645,45.076873016357425,80.0,80.0,120610.60480859403,0.0,65644.62380750307,2189.980199527682,159.70556526184083,136.658717918396,0.4555290597279867,54.74172464483988,79.99883537520162,24
p75_d4_s48,75,4,48,frozen,63.548944703737895,14.54482943659159,13.896954557509963,59.26327285766602,34.01627655029297,79.99601821899414,79.99724578857422,120272.08720568847,1.52587890625e-06,59657.06331403641,3806.8758635513514,147.06648635864258,142.30249480464053,0.4743416493488018,42.69727906016402,70.87869180263453,24
p75_d4_s49,75,4,49,frozen,62.52500872214635,24.854331497735807,24.36865755184034,91.99993715286254,-10.0,80.0,90.0,119532.75756809124,0.0,61606.017919524675,1927.5437424043175,96.62022333145141,63.699423217773436,0.21233141072591144,32.79166129656357,79.99886220109049,24
p75_d4_s50,75,4,50,frozen,64.73466795285543,20.32675501915758,18.875302018478518,88.05565128326415,-10.0,80.0,88.41431427001953,121523.3751280543,1.0048482894897461,64694.41624635203,1836.3606750736544,117.21028957366943,110.58385200500489,0.36861284001668293,53.411163597284414,73.21773007519711,24
p75_d4_s51,75,4,51,frozen,60.32365304231644,21.515545430574743,21.313897005490464,90.0,-10.0,80.0,80.0,110252.99495069931,0.0,51111.244573492695,4566.505844144631,42.44120063781738,56.39514350891113,0.18798381169637043,-10.0,73.4477045370397,24
p75_d8_s42,75,8,42,frozen,68.41119347413381,10.258237441449355,8.495988051990537,42.646563339233396,59.280089950561525,80.0,90.0,126604.89771437789,3.814697265625e-07,69006.75639530833,1909.8708977915535,94.28424034118652,96.65821533203125,0.16109702555338543,61.755396588489624,79.99766523253378,24
p75_d8_s43,75,8,43,frozen,59.000197565555574,22.19096482553419,21.808508060704003,91.4999885559082,-10.0,79.99874916076661,79.99999237060547,112835.95489478682,0.0,49278.73056542204,6196.803779018417,82.70690593719482,98.47507286071777,0.16412512143452962,17.015622622967783,77.2186611074074,24
p75_d8_s44,75,8,44,frozen,60.75425570607185,24.891128013733635,24.76601652275201,100.0,-10.0,80.0,80.0,114028.25289331163,0.0,52842.13198428509,3331.733973792461,94.80203151702881,58.851766204833986,0.09808627700805664,14.320883474065099,79.68125890956352,24
p75_d8_s45,75,8,45,frozen,63.12089450359345,22.081096078829,21.72947628112976,107.99996871948242,-10.0,79.99957962036133,90.0,113884.60762116712,0.0,58331.855085863426,1786.062028845417,36.04105110168457,43.63540515899658,0.07272567526499431,47.29887777821914,79.9984161298164,24
p75_d8_s46,75,8,46,frozen,64.02312161922455,17.508198671144118,16.748830504037112,81.49197807312012,43.02818851470947,80.0,82.76306915283203,121734.6083563633,0.0,66135.04584749254,-138.29225988226534,27.773387145996093,18.628862380981445,0.031048103968302408,58.612701416125866,79.96092073454861,24
p75_d8_s47,75,8,47,frozen,66.8918983300527,18.47980244585324,18.289720895374767,97.24141120910645,45.076873016357425,90.0,90.0,122545.62536676414,17.994605445861815,65064.88575322756,3401.5532898938372,92.56627025604249,93.02331275939942,0.15503885459899902,43.63908842889455,79.99135617085787,24
p75_d8_s48,75,8,48,frozen,64.12674730618795,14.83743839572143,14.20577045227275,56.41654243469238,38.211595916748045,79.99771156311036,80.0,121564.09227891064,3.814697265625e-07,63807.687813007724,1729.5705097340644,67.1910005569458,55.603399658203124,0.09267233276367187,36.39098719054656,75.08025365326728,24
p75_d8_s49,75,8,49,frozen,62.52495099306107,24.8542909169126,24.368616136100847,91.99993715286254,-10.0,80.0,90.0,119532.68636233131,0.0,60872.353502665086,2833.8385969709134,55.559027671813965,37.28232688903809,0.06213721148173015,2.6759586582870645,79.99801801513216,24
p75_d8_s50,75,8,50,frozen,64.73470339775085,20.326781637362657,18.875334819871004,88.05565128326415,-10.0,80.0,88.41431427001953,121523.4697294257,1.0048482894897461,65284.35534471019,908.1084479843827,117.47508373260499,99.3626724243164,0.16560445404052734,53.55097562884223,72.45189383798763,24
p75_d8_s51,75,8,51,frozen,60.2823134859403,21.499996234070533,21.298357470018676,90.0,-10.0,79.99875679016114,80.0,110095.20772677513,0.0,51129.50720777004,4432.072551647454,42.44120063781738,52.9216609954834,0.08820276832580566,-10.0,75.72817008920629,24
